Compound,Date,Negative,Neutral,Positive,Tweet Text,Tweets Ago,User
0.0,Tue Feb 06 05:15:13 +0000 2018,0.0,1.0,0.0,Sex toys mysteriously delivered to Canadian university students https://t.co/OBa2uS4dIl,0,@BBCWorld
-0.4767,Tue Feb 06 04:55:39 +0000 2018,0.43,0.37,0.2,Fundraisers help girl hurt by drunk man https://t.co/QvWy6ytZ17,1,@BBCWorld
0.296,Tue Feb 06 04:51:43 +0000 2018,0.0,0.732,0.268,Asia markets join global stock plunge https://t.co/pvuxAVYhno,2,@BBCWorld
0.5859,Tue Feb 06 04:48:07 +0000 2018,0.0,0.648,0.352,Dinosaurs ‘too successful for their own good’ https://t.co/uPfkCNLUxB,3,@BBCWorld
0.0,Tue Feb 06 03:54:43 +0000 2018,0.0,1.0,0.0,"RT @SallyBundockBBC: A ""white knuckle ride"" for global financial markets. In #BBCtheBriefing we keep you right up to date with expert analy…",4,@BBCWorld
-0.7184,Tue Feb 06 02:52:14 +0000 2018,0.545,0.455,0.0,Seven charged over 'circus school' abuse https://t.co/hFTooTJQ1f,5,@BBCWorld
-0.5574,Tue Feb 06 02:34:36 +0000 2018,0.153,0.847,0.0,"The father of Otto Warmbier, the student who died after being released from a North Korean jail, will attend the Py… https://t.co/7692WMt8ux",6,@BBCWorld
0.4939,Tue Feb 06 02:30:56 +0000 2018,0.0,0.758,0.242,"Winter Olympics: Friendly North Korea 'is fake', says former spy https://t.co/DGC7bfGzSB",7,@BBCWorld
-0.5106,Tue Feb 06 01:56:22 +0000 2018,0.309,0.48,0.21,RT @BBCNewsAsia: Maldives police have arrested the country's chief justice of the Supreme Court as a political crisis worsens in the Indian…,8,@BBCWorld
0.0,Tue Feb 06 01:30:35 +0000 2018,0.0,1.0,0.0,Singapore Airshow: Asia aviation in five charts https://t.co/V2j6ro1o34,9,@BBCWorld
0.25,Tue Feb 06 01:26:06 +0000 2018,0.0,0.75,0.25,The street dancers who dream big https://t.co/NYtIMGxzP1,10,@BBCWorld
-0.6597,Tue Feb 06 01:26:06 +0000 2018,0.386,0.614,0.0,Have they found a cure for our cancer? https://t.co/eJZ60G9Ayg,11,@BBCWorld
0.0,Tue Feb 06 01:26:06 +0000 2018,0.0,1.0,0.0,'I didn't even meet my potential employers' https://t.co/pmhEJycb4c,12,@BBCWorld
-0.2247,Tue Feb 06 00:39:13 +0000 2018,0.083,0.917,0.0,"RT @BBCNorthAmerica: As health experts in the US explore the relationship between music and the brain, one couple deeply affected by dement…",13,@BBCWorld
-0.5574,Tue Feb 06 00:16:49 +0000 2018,0.429,0.357,0.214,Maldives: Supreme Court judges arrested amid political crisis https://t.co/HyZR2ftCdR,14,@BBCWorld
0.0,Tue Feb 06 00:03:59 +0000 2018,0.0,1.0,0.0,John Mahoney: British-born Frasier actor dies aged 77 https://t.co/qbbOuDNyv9,15,@BBCWorld
-0.2263,Mon Feb 05 23:54:06 +0000 2018,0.192,0.808,0.0,Iran's hijab protests: The Girls of Revolution Street https://t.co/yrgjugoZJg,16,@BBCWorld
-0.1548,Mon Feb 05 23:50:03 +0000 2018,0.2,0.621,0.18,"Jay Ruckelshaus broke his neck, almost died, and still can't use his hands.

Then he won one of the world's top sch… https://t.co/fYrQJk8kna",17,@BBCWorld
0.0,Mon Feb 05 23:42:33 +0000 2018,0.0,1.0,0.0,2018 Winter Olympics: Meet figure skater Mirai Nagasu https://t.co/GwtMI4wTvF,18,@BBCWorld
0.0,Mon Feb 05 23:06:17 +0000 2018,0.0,1.0,0.0,Chile's first female pilot Margot Duhalde dies at 97 https://t.co/vG9CavHNp4,19,@BBCWorld
0.296,Mon Feb 05 22:50:08 +0000 2018,0.0,0.885,0.115,Saginaw - a blue-collar city made famous by Paul Simon's song America - surprisingly voted for Donald Trump in 2016… https://t.co/rFqVeUQG0J,20,@BBCWorld
0.0,Mon Feb 05 22:38:29 +0000 2018,0.0,1.0,0.0,Trump's NHS tweet causes a stir https://t.co/iAzkXawtIA,21,@BBCWorld
0.0,Mon Feb 05 22:23:04 +0000 2018,0.0,1.0,0.0,Jacob Zuma: ANC leaders call NEC meeting for Wednesday https://t.co/uWALgqIVPS,22,@BBCWorld
-0.2023,Mon Feb 05 21:20:16 +0000 2018,0.213,0.648,0.139,Pentagon's Defense Logistics Agency loses track of $800m https://t.co/x6qcKXIVaS,23,@BBCWorld
0.0,Mon Feb 05 20:40:40 +0000 2018,0.0,1.0,0.0,RT @BBCPolitics: Why was @realDonaldTrump tweeting about the NHS? https://t.co/zgeCkVstJu,24,@BBCWorld
0.0,Mon Feb 05 20:21:33 +0000 2018,0.0,1.0,0.0,"Dow Jones index is down nearly 1,500 points https://t.co/MS8LEkOchm",25,@BBCWorld
-0.3612,Mon Feb 05 20:11:59 +0000 2018,0.263,0.737,0.0,Moscow struggles with 'snowfall of the century' https://t.co/SURAZanJZd,26,@BBCWorld
0.5719,Mon Feb 05 19:47:53 +0000 2018,0.0,0.837,0.163,Incidents of rioting and looting have taken place in the US city of Philadelphia as fans celebrated a historic Supe… https://t.co/sm08o93TTt,27,@BBCWorld
0.0,Mon Feb 05 19:17:34 +0000 2018,0.0,1.0,0.0,Democrats push Trump to release rebuttal memo https://t.co/dJf8gcxFCK,28,@BBCWorld
-0.7717,Mon Feb 05 18:53:41 +0000 2018,0.427,0.573,0.0,Maldives state of emergency declared by government amid political crisis https://t.co/3en8mZAl16,29,@BBCWorld
0.6113,Mon Feb 05 18:51:39 +0000 2018,0.0,0.862,0.138,"RT @BBCBusiness: Today, the Berlin wall has been down for longer than it was up. Why are people still so fascinated by something that was d…",30,@BBCWorld
0.3612,Mon Feb 05 17:54:49 +0000 2018,0.162,0.541,0.297,Paraguay's EPP rebels free two Mennonite hostages https://t.co/PGgDm8vQEk,31,@BBCWorld
0.3612,Mon Feb 05 16:52:49 +0000 2018,0.0,0.828,0.172,"Esmond Bradley Martin: The daring, indefatigable man who took on ivory poachers https://t.co/LJZXY743VN",32,@BBCWorld
-0.4939,Mon Feb 05 16:47:53 +0000 2018,0.262,0.738,0.0,Larry Nassar jailed for another 40 to 125 years https://t.co/rcW3GZwKNX,33,@BBCWorld
-0.765,Mon Feb 05 16:47:53 +0000 2018,0.423,0.577,0.0,Juan Barros: Chile sex abuse letter contradicts Pope over 'cover-up' https://t.co/2VgNaPhg0Z,34,@BBCWorld
-0.0572,Mon Feb 05 16:17:43 +0000 2018,0.058,0.942,0.0,"RT @BBC_HaveYourSay: Doritos to launch 'lady-friendly' crisps because women don't want to crunch loudly in public or lick their fingers, ap…",35,@BBCWorld
-0.3818,Mon Feb 05 15:42:57 +0000 2018,0.271,0.729,0.0,Maldives state of emergency declared by government https://t.co/9SKeeKhAlz,36,@BBCWorld
-0.7845,Mon Feb 05 15:40:55 +0000 2018,0.277,0.723,0.0,RT @BBCEngland: A 10-year-old girl fighting a rare cancer for the fourth time has written a book to raise money for potentially life-saving…,37,@BBCWorld
-0.7783,Mon Feb 05 15:38:10 +0000 2018,0.459,0.541,0.0,Israeli man stabbed to death at West Bank settlement https://t.co/FYFrJNh2tG,38,@BBCWorld
-0.4939,Mon Feb 05 15:10:03 +0000 2018,0.225,0.775,0.0,RT @BBCNorthAmerica: Larry Nassar jailed for another 40 to 125 years https://t.co/SCFe9rZmBf,39,@BBCWorld
0.4588,Mon Feb 05 14:49:46 +0000 2018,0.0,0.667,0.333,"Bitcoin puzzle worth $50,000 solved after nearly three years https://t.co/tFz7FaQs0E",40,@BBCWorld
0.0,Mon Feb 05 14:36:33 +0000 2018,0.0,1.0,0.0,"RT @BBCSport: Formula 1 is to replace 'grid girls' with a new programme called 'grid kids' this season.

https://t.co/ixGejTU3DF https://t.…",41,@BBCWorld
0.0,Mon Feb 05 14:33:32 +0000 2018,0.0,1.0,0.0,Turkey-Netherlands row: Dutch ambassador withdrawn https://t.co/NOjJFp6F8m,42,@BBCWorld
0.0,Mon Feb 05 14:20:52 +0000 2018,0.0,1.0,0.0,The adrenaline junkie: Unicycling to the extreme https://t.co/f6Nnimmoxw,43,@BBCWorld
-0.4215,Mon Feb 05 14:19:34 +0000 2018,0.219,0.781,0.0,"Superbowl advert criticised for using Martin Luther King speech 
https://t.co/oiGWbMeVGC https://t.co/C5zd9QHquE",44,@BBCWorld
0.0,Mon Feb 05 13:50:21 +0000 2018,0.0,1.0,0.0,Kylie Jenner baby video: Five things we learnt https://t.co/3TY4JSeDq4,45,@BBCWorld
-0.4215,Mon Feb 05 13:16:04 +0000 2018,0.219,0.781,0.0,RT @BBCNews: President Trump: NHS 'going broke and not working' https://t.co/a05lCNO76p,46,@BBCWorld
0.6597,Mon Feb 05 13:11:31 +0000 2018,0.183,0.389,0.428,Eagles' first Super Bowl win sparks riots in Philadelphia https://t.co/UnuC6pyKlo,47,@BBCWorld
0.4404,Mon Feb 05 12:49:37 +0000 2018,0.0,0.868,0.132,Why the 13-year-old boy in this picture is the most famous teenager in the world right now... thanks to… https://t.co/rC0xvYSkTD,48,@BBCWorld
0.296,Mon Feb 05 12:32:23 +0000 2018,0.199,0.515,0.287,Super Bowl 2018: Why some people boycotted it https://t.co/YyrRdSzLhK,49,@BBCWorld
-0.296,Mon Feb 05 12:24:39 +0000 2018,0.155,0.845,0.0,Russian jet pilot 'pulled grenade pin' to avoid capture in Syria's Idlib https://t.co/LAHBMz8to4,50,@BBCWorld
0.8271,Mon Feb 05 12:16:54 +0000 2018,0.0,0.476,0.524,Super Bowl: Philadelphia win sparks mayhem in city https://t.co/bWij0e4qI4,51,@BBCWorld
0.3089,Mon Feb 05 12:16:54 +0000 2018,0.0,0.816,0.184,Michel Barnier says 'not a moment to lose' in Brexit talks https://t.co/KHsjexyZA7,52,@BBCWorld
0.5994,Mon Feb 05 12:13:12 +0000 2018,0.0,0.672,0.328,Super Bowl: Selfie Kid's big moment with Timberlake https://t.co/6TBaDV0VwF,53,@BBCWorld
-0.1779,Mon Feb 05 12:04:48 +0000 2018,0.214,0.621,0.166,RT @BBCNews: Ethan Stables convicted over gay pride attack plan https://t.co/G86RGkiLXV,54,@BBCWorld
-0.3875,Mon Feb 05 12:00:25 +0000 2018,0.122,0.878,0.0,"""The reason I've gone through this ordeal is not just to save myself....but it's to set a precedent.""  Alleged comp… https://t.co/NwpTFvmKXx",55,@BBCWorld
0.0,Mon Feb 05 11:46:21 +0000 2018,0.0,1.0,0.0,What Kylie Jenner's pregnancy video tells us https://t.co/3oqxjuFB4K,56,@BBCWorld
0.0,Mon Feb 05 11:26:32 +0000 2018,0.0,1.0,0.0,"Travelling 2,000 miles to cook for strangers https://t.co/UNaZlkxs0E",57,@BBCWorld
0.5106,Mon Feb 05 11:10:13 +0000 2018,0.0,0.852,0.148,RT @sommervilletv: BREAKING: Canadian citizens Sean Allen Moore &amp; Jolly Bimbachi released after months being held hostage by al-Qaeda linke…,58,@BBCWorld
0.0,Mon Feb 05 11:09:30 +0000 2018,0.0,1.0,0.0,RT @sommervilletv: US drawdown after Iraq declares victory over IS. But @CJTFOIR continues international efforts against so called Islamic…,59,@BBCWorld
-0.7906,Mon Feb 05 11:00:37 +0000 2018,0.5,0.5,0.0,Syria war: 'Chlorine attack' on rebel-held Idlib town https://t.co/r2TgI5sLMc,60,@BBCWorld
0.3818,Mon Feb 05 10:19:39 +0000 2018,0.078,0.733,0.19,"RT @BBCRealityCheck: Why is @Alexis_Sanchez like an orange, is @leonbailey worth his weight in gold and other strange football metaphors.…",61,@BBCWorld
0.0,Mon Feb 05 10:18:28 +0000 2018,0.0,1.0,0.0,RT @BBCSteveR: BARKING NEWS: My dog brings you the latest on the biggest snowfall in Moscow since records began. https://t.co/9Ufz9cClSH,62,@BBCWorld
-0.6705,Mon Feb 05 09:38:54 +0000 2018,0.391,0.609,0.0,Esmond Bradley-Martin: Ivory investigator killed in Kenya https://t.co/XK7QCUJ5sL,63,@BBCWorld
0.5859,Mon Feb 05 09:27:23 +0000 2018,0.0,0.678,0.322,Male make-up: Korean men have started a beauty revolution https://t.co/CJdBocFYlq,64,@BBCWorld
0.4019,Mon Feb 05 06:34:39 +0000 2018,0.0,0.69,0.31,Samsung heir freed from S Korea jail https://t.co/7ee8HeZR5d,65,@BBCWorld
0.0,Mon Feb 05 06:27:15 +0000 2018,0.0,1.0,0.0,"Winter Olympics 2018: IOC was ""disappointed"" by CAS decision to lift life bans on Russians https://t.co/qV5DLaKHk3",66,@BBCWorld
0.0,Mon Feb 05 05:26:36 +0000 2018,0.0,1.0,0.0,"RT @SallyBundockBBC: Packed agenda on #BBCtheBriefing - what is the outlook for South Africa's #JacobZuma? #Macedonia, all change at the #F…",67,@BBCWorld
-0.5267,Mon Feb 05 05:07:14 +0000 2018,0.274,0.726,0.0,Plastic pollution: Scientists' plea on threat to ocean giants https://t.co/JFQEQsDvpO,68,@BBCWorld
0.6222,Mon Feb 05 04:26:04 +0000 2018,0.0,0.855,0.145,"RT @BBCNewsAsia: Who says make-up is just for girls? ?????

South Korean men spend more on beauty and skincare than anywhere else in the wo…",69,@BBCWorld
0.7096,Mon Feb 05 03:30:56 +0000 2018,0.0,0.629,0.371,Justin Timberlake plays Prince and takes selfies at Super Bowl show https://t.co/vN4F3Mq0YS,70,@BBCWorld
0.6908,Mon Feb 05 03:21:25 +0000 2018,0.132,0.529,0.339,RT @BBCBreaking: Philadelphia Eagles defeat New England Patriots 41-33 to win Super Bowl LII https://t.co/dMsemtMNZj,71,@BBCWorld
-0.5106,Mon Feb 05 02:57:10 +0000 2018,0.125,0.875,0.0,RT @BBCNewsAsia: A young mother in China is selling her breast milk on the street to raise money for her sick daughter's medical bills: htt…,72,@BBCWorld
-0.1779,Mon Feb 05 02:57:05 +0000 2018,0.097,0.83,0.072,RT @BBCNewsAsia: North Korea is to send its highest ranking official for years to the South amid an easing of tensions during the Winter Ol…,73,@BBCWorld
-0.5994,Mon Feb 05 02:24:50 +0000 2018,0.328,0.672,0.0,How violent revolution gave birth to a global brand https://t.co/rw4aW2ZCdp,74,@BBCWorld
-0.6249,Mon Feb 05 01:49:14 +0000 2018,0.338,0.662,0.0,Salah Abdeslam: Paris attacks suspect to go on trial in Belgium https://t.co/ny0QZPuaxD,75,@BBCWorld
-0.6249,Mon Feb 05 00:38:01 +0000 2018,0.421,0.579,0.0,Salah Abdeslam: Five things about Paris attacks suspect https://t.co/NI0ThCtDFO,76,@BBCWorld
0.0,Mon Feb 05 00:34:14 +0000 2018,0.0,1.0,0.0,The teen rescuing street children in Nigeria https://t.co/c8a3NlvHGj,77,@BBCWorld
-0.4767,Mon Feb 05 00:34:14 +0000 2018,0.279,0.721,0.0,From a broken neck to a Rhodes Scholarship at Oxford https://t.co/51vQehBpRt,78,@BBCWorld
0.0,Mon Feb 05 00:27:07 +0000 2018,0.0,1.0,0.0,Breastfeeding mother sells milk to fund hospital bills https://t.co/xTerRG3QbN,79,@BBCWorld
0.7783,Mon Feb 05 00:22:56 +0000 2018,0.0,0.507,0.493,Ghana's autistic models turn heads and win awards https://t.co/JArB0mVwq5,80,@BBCWorld
0.0,Mon Feb 05 00:02:23 +0000 2018,0.0,1.0,0.0,Melbourne mayor Robert Doyle quits amid misconduct probe https://t.co/ob2rX1gWac,81,@BBCWorld
-0.296,Sun Feb 04 23:50:55 +0000 2018,0.167,0.833,0.0,Jacob Zuma: Pressure grows on South Africa president to stand down https://t.co/WDjcPAQyaU,82,@BBCWorld
-0.6705,Sun Feb 04 21:56:58 +0000 2018,0.429,0.571,0.0,NFL player 'killed by drink driver' https://t.co/sQKGoabGFK,83,@BBCWorld
0.0,Sun Feb 04 21:46:21 +0000 2018,0.0,1.0,0.0,US reality TV star Kylie Jenner gives birth to baby girl https://t.co/SVtbivlfPq,84,@BBCWorld
-0.7003,Sun Feb 04 20:52:46 +0000 2018,0.42,0.58,0.0,South Carolina train crash: Amtrak 'on the wrong track' https://t.co/yKC16HMAbN,85,@BBCWorld
0.0,Sun Feb 04 19:58:54 +0000 2018,0.0,1.0,0.0,Wind Games 2018: The indoor skydivers defying gravity https://t.co/L3IkGvPBEZ,86,@BBCWorld
0.0,Sun Feb 04 19:55:19 +0000 2018,0.0,1.0,0.0,North Korea to send ceremonial head Kim Yong-nam South https://t.co/jN2cnbxl8l,87,@BBCWorld
0.0,Sun Feb 04 18:48:39 +0000 2018,0.0,1.0,0.0,Heaviest snowfall on record blankets Moscow https://t.co/xhD4OGubta,88,@BBCWorld
-0.296,Sun Feb 04 17:43:13 +0000 2018,0.196,0.804,0.0,Oil tanker with 22 Indian crewmen missing off Benin https://t.co/3B5GsO0fR8,89,@BBCWorld
0.128,Sun Feb 04 17:39:16 +0000 2018,0.158,0.647,0.194,Kim Cattrall appeals for help finding brother missing in Canada https://t.co/Qm7oVR3d4Z,90,@BBCWorld
0.0,Sun Feb 04 16:18:38 +0000 2018,0.0,1.0,0.0,"Winter Olympics: Harley Windsor, the Indigenous Australian ice skater breaking barriers https://t.co/0iIOhwbUCZ",91,@BBCWorld
0.0516,Sun Feb 04 15:24:23 +0000 2018,0.0,0.87,0.13,Costa Rica election: Gay marriage debate dominates campaign https://t.co/faMPqh34EC,92,@BBCWorld
0.0,Sun Feb 04 14:55:44 +0000 2018,0.0,1.0,0.0,Ecuador votes on election term limit as Correa looks on https://t.co/Cet3Iieoa3,93,@BBCWorld
0.5574,Sun Feb 04 14:48:30 +0000 2018,0.0,0.735,0.265,Maldives orders army to resist any Supreme Court impeachment order https://t.co/OPdnTO4k3C,94,@BBCWorld
-0.5106,Sun Feb 04 13:53:28 +0000 2018,0.292,0.708,0.0,US police officer run over by car thieves https://t.co/wPQUrI1Ziv,95,@BBCWorld
-0.5719,Sun Feb 04 13:46:19 +0000 2018,0.37,0.63,0.0,Greece Macedonia: Name dispute draws mass protest in Athens https://t.co/Ejz6eoadFX,96,@BBCWorld
-0.5859,Sun Feb 04 12:10:24 +0000 2018,0.297,0.703,0.0,"Is this still the ""ugliest city"" in the world? https://t.co/Ds0glczKZt",97,@BBCWorld
-0.6249,Sun Feb 04 11:58:53 +0000 2018,0.313,0.687,0.0,Migrant crisis: 20 bodies pulled from sea near Morocco https://t.co/1neuybnJeN,98,@BBCWorld
-0.8176,Sun Feb 04 11:12:40 +0000 2018,0.515,0.485,0.0,Amtrak crash: Two killed after trains collide in South Carolina https://t.co/IVd1z7g6HS,99,@BBCWorld
-0.1027,Tue Feb 06 05:03:11 +0000 2018,0.113,0.887,0.0,2-year-old girl dies after she's found outside in freezing weather https://t.co/pYkUPW4sRP https://t.co/uer9r0gP0M,0,@CBSNews
0.0,Tue Feb 06 05:00:27 +0000 2018,0.0,1.0,0.0,"Cities, counties ask Big Pharma to limit opioids production https://t.co/prvXLmk0fh https://t.co/oZVRn2SlM2",1,@CBSNews
-0.6486,Tue Feb 06 04:55:01 +0000 2018,0.346,0.654,0.0,"Teen, her boyfriend sentenced for fatally stabbing, bludgeoning her grandparents https://t.co/I7WifVTJAE https://t.co/6eeb0vbBAj",2,@CBSNews
-0.5574,Tue Feb 06 04:38:46 +0000 2018,0.167,0.833,0.0,"""Senseless act of violence."" Deputy Micah Flick, 34, died while responding to a motor vehicle theft in Colorado Spr… https://t.co/FXXK9zW9Tl",3,@CBSNews
-0.0258,Tue Feb 06 04:15:01 +0000 2018,0.073,0.927,0.0,President Trump touts tax plan as Dow plummets in largest one-day decline ever https://t.co/WkL25EvQ0N https://t.co/Fd01rOh9qj,4,@CBSNews
0.0,Tue Feb 06 04:07:25 +0000 2018,0.0,1.0,0.0,"Ahead of SpaceX's historic Falcon Heavy launch Tuesday, Elon Musk says he's sending a Tesla Roadster with the rocke… https://t.co/uHdwnQZgR0",5,@CBSNews
-0.886,Tue Feb 06 03:55:01 +0000 2018,0.41,0.547,0.043,"For nearly three years, Saudi Arabia has been backing Yemeni government soldiers, fighting a brutal war against reb… https://t.co/3VzBR47FEU",6,@CBSNews
0.0,Tue Feb 06 03:15:01 +0000 2018,0.0,1.0,0.0,Are we heading for a bear market? CBS News business analyst @jillonmoney discusses as Dow sell-off rattles nerves.… https://t.co/IM5rnD2CtY,7,@CBSNews
0.0,Tue Feb 06 03:13:53 +0000 2018,0.0,1.0,0.0,"RT @CBSEveningNews: NOW: @CBSEveningNews with @JeffGlor airs in its entirety on CBSN, @CBSNews' 24/7 streaming news service https://t.co/Me…",8,@CBSNews
0.0258,Tue Feb 06 02:55:01 +0000 2018,0.0,0.945,0.055,"U.S. Ambassador Nikki Haley says Russia's proposal for an investigative body in Syria ""is a way to whitewash the fi… https://t.co/Kuo6V2Q9EU",9,@CBSNews
0.3818,Tue Feb 06 02:35:01 +0000 2018,0.0,0.841,0.159,House to vote on short-term spending bill that would also fund defense spending at increased levels for the rest of… https://t.co/RQ7AXTmj3t,10,@CBSNews
0.8225,Tue Feb 06 02:15:30 +0000 2018,0.0,0.703,0.297,"Up to 3 million fans are expected to celebrate at the Eagles' Super Bowl victory parade in Philadelphia, where scho… https://t.co/tDpEtCGK6B",11,@CBSNews
0.0,Tue Feb 06 02:14:26 +0000 2018,0.0,1.0,0.0,"NEW: Ivanka Trump will lead the White House delegation to the Olympics closing ceremonies in Pyeongchang, a White H… https://t.co/yNMLwQl4RG",12,@CBSNews
0.0,Tue Feb 06 01:55:02 +0000 2018,0.0,1.0,0.0,"SpaceX founder and chief designer Elon Musk ""giddy"" ahead of historic Falcon Heavy launch https://t.co/XeqjfQnQqs https://t.co/oxeFYvQDMt",13,@CBSNews
0.0,Tue Feb 06 01:35:01 +0000 2018,0.0,1.0,0.0,NTSB chairman said investigators have recovered key evidence from the wreckage https://t.co/x8MBd5yOGw https://t.co/Blt6P78MGY,14,@CBSNews
-0.6705,Tue Feb 06 01:34:35 +0000 2018,0.2,0.8,0.0,"@CBSNews NEW: El Paso County Sheriff's Office confirms Deputy Micah Flick, 34, was killed in Colorado Springs shoot… https://t.co/VKNiU1gamk",15,@CBSNews
-0.3818,Tue Feb 06 01:15:01 +0000 2018,0.115,0.885,0.0,"The quick flu tests are only 50 to 70 percent accurate, the CDC says, raising concerns about its effectiveness duri… https://t.co/41597ut4ui",16,@CBSNews
-0.3182,Tue Feb 06 00:55:01 +0000 2018,0.119,0.881,0.0,"Police in Colorado Springs, Colorado, said they are responding to a ""critical incident"" after local reports of thre… https://t.co/6ADV72HCpG",17,@CBSNews
0.4767,Tue Feb 06 00:35:01 +0000 2018,0.0,0.838,0.162,House Intelligence Committee votes unanimously to release a memo by the committee's Democrats that rebuts the GOP-a… https://t.co/tndZdV7zzC,18,@CBSNews
0.5267,Tue Feb 06 00:15:37 +0000 2018,0.0,0.861,0.139,WATCH: Ice forms on surfers' faces as they brave the frigid temperatures of Lake Michigan. Some may ask why they ar… https://t.co/P26Ckfe7bn,19,@CBSNews
-0.7269,Mon Feb 05 23:55:34 +0000 2018,0.225,0.775,0.0,"@CBSNews With the flu season still bad, many people are taking a quick test to find out if they have it. But accord… https://t.co/5eGk0RmQ4A",20,@CBSNews
-0.296,Mon Feb 05 23:52:42 +0000 2018,0.099,0.901,0.0,"@CBSNews Vice President Mike Pence is on a five-day trip to Asia, mostly to ratchet up pressure on North Korea's op… https://t.co/nQmwA0HwWK",21,@CBSNews
-0.8588,Mon Feb 05 23:49:03 +0000 2018,0.345,0.655,0.0,@CBSNews There may be no place in the word more dangerous than Yemen. A 3-year-old civil war is in a stalemate. One… https://t.co/32gc1CEItR,22,@CBSNews
0.0,Mon Feb 05 23:43:54 +0000 2018,0.0,1.0,0.0,@CBSNews Federal investigators said a signaling system was down for maintenance yesterday when an Amtrak train cras… https://t.co/tgW4oJ6mrt,23,@CBSNews
-0.296,Mon Feb 05 23:41:04 +0000 2018,0.104,0.896,0.0,@CBSNews The market's tumble came as President Trump was talking about his tax cuts in Ohio. Dean Reynolds reportin… https://t.co/8XfO7Z94zc,24,@CBSNews
0.0,Mon Feb 05 23:38:47 +0000 2018,0.0,1.0,0.0,"""We've had these dips before. Markets have come back, so we don't know what tomorrow will bring,"" @jillonmoney says… https://t.co/iQFsKV9R0t",25,@CBSNews
-0.4019,Mon Feb 05 23:30:17 +0000 2018,0.163,0.837,0.0,"""There are serious allegations that need investigation. It's not enough just to bring people in for them to deny th… https://t.co/7SyWovl76h",26,@CBSNews
0.0772,Mon Feb 05 23:27:17 +0000 2018,0.0,0.942,0.058,".@RepAdamSchiff: ""The DOJ and FBI have had our memo for days, unlike the process the majority used. We want their f… https://t.co/i3OxotqqLY",27,@CBSNews
0.0,Mon Feb 05 23:25:45 +0000 2018,0.0,1.0,0.0,".@RepAdamSchiff: ""The vote was unanimous to release this. I think the Republican members understood that after a ca… https://t.co/UysPhJ3Wuu",28,@CBSNews
-0.1027,Mon Feb 05 23:24:44 +0000 2018,0.06,0.94,0.0,"“Republicans have endeavored to put it the FBI on trial, put the DOJ on trial, impeach and impugn the hard work of… https://t.co/awyEeLuteO",29,@CBSNews
-0.5994,Mon Feb 05 23:20:45 +0000 2018,0.234,0.766,0.0,"""The majority found themselves in an unsupportable position when they released a misleading memo and refused to rel… https://t.co/Yr5B32qx9n",30,@CBSNews
-0.2023,Mon Feb 05 23:19:02 +0000 2018,0.096,0.904,0.0,MORE: Democrats' 10-page rebuttal to the controversial memo released last week is headed to President Trump's desk https://t.co/9t4yqSgvhz,31,@CBSNews
0.4767,Mon Feb 05 23:16:54 +0000 2018,0.0,0.829,0.171,WATCH: Rep. Adam Schiff announces House Intelligence Committee's vote to release Democrats' rebuttal to controversi… https://t.co/yjF43gTSvL,32,@CBSNews
-0.6908,Mon Feb 05 23:08:47 +0000 2018,0.251,0.749,0.0,"RT @CBSEveningNews: Coming up tonight on the @CBSEveningNews with @JeffGlor:

Frustration and concern over flu tests being inaccurate, rare…",33,@CBSNews
0.6908,Mon Feb 05 23:06:31 +0000 2018,0.0,0.769,0.231,A word of caution to tea lovers: Let your drink cool a bit before taking a sip. A new study finds that drinking tea… https://t.co/lcvl57v8lI,34,@CBSNews
-0.34,Mon Feb 05 22:46:03 +0000 2018,0.167,0.726,0.107,"President Trump on Democrats' reaction to the State of the Union: ""[Democrats] were like death. And un-American. un… https://t.co/uCXqm5bPVw",35,@CBSNews
-0.2732,Mon Feb 05 22:44:04 +0000 2018,0.11,0.89,0.0,"After Dow sees largest one-day point drop in market history, @PressSec responds to market inquiries: ""The president… https://t.co/lBqYKLA4PS",36,@CBSNews
0.8074,Mon Feb 05 22:31:31 +0000 2018,0.0,0.711,0.289,"Super Bowl LII champions, the Philadelphia Eagles, have landed. Watch as they give fans a preview of the Lombardi T… https://t.co/5utP8gFW8S",37,@CBSNews
-0.3612,Mon Feb 05 22:15:34 +0000 2018,0.111,0.889,0.0,"Holocaust denier Art Jones is running unopposed in the GOP primary in Illinois, and claims the Holocaust is ""the bi… https://t.co/SkrUDo3v2G",38,@CBSNews
0.25,Mon Feb 05 22:00:50 +0000 2018,0.083,0.758,0.159,"""She is our secret weapon. I just hope they don't change her. There are a lot of people that want to run her out,""… https://t.co/n51mou0YRS",39,@CBSNews
0.0,Mon Feb 05 21:45:57 +0000 2018,0.0,1.0,0.0,"""I think I figured it out. Nobody has really be able to explain it..."" President Trump says he has a theory as to w… https://t.co/bK2wGJL2dl",40,@CBSNews
0.0,Mon Feb 05 21:30:01 +0000 2018,0.0,1.0,0.0,"It wasn't too long ago that the question about cryptocurrency prices was how high can they go? Now, it's just the r… https://t.co/wk4vB9m69i",41,@CBSNews
0.3612,Mon Feb 05 21:08:25 +0000 2018,0.0,0.884,0.116,"“We are down 4.6% for the day...which does sound like a lot. Black Monday was was 22% when that happened,”… https://t.co/YdeAcuO9IM",42,@CBSNews
-0.3612,Mon Feb 05 21:04:30 +0000 2018,0.102,0.898,0.0,"“Another wild day of trading has just ended on Wall Street. At one point this afternoon, the Dow had fallen by more… https://t.co/xA7KrwoDAJ",43,@CBSNews
0.0,Mon Feb 05 21:02:12 +0000 2018,0.0,1.0,0.0,"JUST IN: The stock markets have closed and the Dow Jones Industrial Average has plunged below 25,000 points, the bi… https://t.co/rOcyHyvqhG",44,@CBSNews
-0.3912,Mon Feb 05 20:53:08 +0000 2018,0.154,0.846,0.0,"RT @CBSEveningNews: What questions do you have about the economy? 

Wages are rising and unemployment remains very low, but the stock marke…",45,@CBSNews
0.5719,Mon Feb 05 20:43:06 +0000 2018,0.0,0.802,0.198,".@DavidBegnaud: Does the news of the day affect the stock market like this at all?
Nelson: Yeah, it does. I thought… https://t.co/Vaf9Hvqbqp",46,@CBSNews
0.3612,Mon Feb 05 20:31:37 +0000 2018,0.0,0.889,0.111,.@TanyaRivero Do you agree that this could mean the return of volatility to the market? Something we haven't seen i… https://t.co/MJNWrGX0Ex,47,@CBSNews
0.0,Mon Feb 05 20:24:56 +0000 2018,0.0,1.0,0.0,"“We are only down [about] 4%. Back in 1987, the Dow dropped 500 points. That was a 20% decline...The Dow would have… https://t.co/5Bn5r5YXeo",48,@CBSNews
0.0,Mon Feb 05 20:15:11 +0000 2018,0.0,1.0,0.0,"HAPPENING NOW: Dow Jones Industrial Average plunges nearly 1,500 points, dipping below 25,000… https://t.co/lo8qiSvmhr",49,@CBSNews
0.5994,Mon Feb 05 20:12:00 +0000 2018,0.0,0.83,0.17,".@POTUS: ""Everybody stood up yesterday. There was nobody kneeling at the beginning of the Super Bowl. We've made a… https://t.co/85xSI2XvBT",50,@CBSNews
-0.3818,Mon Feb 05 20:10:11 +0000 2018,0.126,0.874,0.0,.@POTUS: There was one guy when I said [during #SOTU] ‘the lowest African-American unemployment.’ He was sort of cl… https://t.co/CFt3yUjbFo,51,@CBSNews
0.0,Mon Feb 05 20:05:21 +0000 2018,0.0,1.0,0.0,"“About two days after [Clinton] said [deplorables], I go to a rally and everyone is wearing shirts: ‘I am a deplora… https://t.co/jCGisCJpEw",52,@CBSNews
0.8176,Mon Feb 05 20:02:29 +0000 2018,0.0,0.717,0.283,"“So, Nancy Pelosi again said that it's crumbs. She is a rich woman who lives in a big beautiful house in California… https://t.co/DLgBSukC9k",53,@CBSNews
0.0258,Mon Feb 05 19:59:15 +0000 2018,0.09,0.815,0.094,"“I think I figured out, nobody has really been able to explain it properly...” @POTUS shares his theory on low vote… https://t.co/kmlznTGUYz",54,@CBSNews
0.0,Mon Feb 05 19:55:20 +0000 2018,0.0,1.0,0.0,“Nancy Pelosi -- what she's doing to this country. And she has gone so far left and Schumer has gone so far left. O… https://t.co/Ooa7EoE4wi,55,@CBSNews
0.1531,Mon Feb 05 19:53:42 +0000 2018,0.0,0.894,0.106,"“Believe it or not, Nancy Pelosi and those in Congress who want to raise your taxes -- they want to raise your taxe… https://t.co/h1fbdNZDYf",56,@CBSNews
0.0,Mon Feb 05 19:51:12 +0000 2018,0.0,1.0,0.0,"“I am non-braggadocious,” @POTUS says on his effort to bring jobs back to the U.S. “Wait until you see what's happe… https://t.co/nstCEV0eI2",57,@CBSNews
0.0,Mon Feb 05 19:47:05 +0000 2018,0.0,1.0,0.0,"“Fiat Chrysler announced 2,500 jobs are coming back to Detroit, to Motor City -- 2,500. Do you know where they're c… https://t.co/sPCcQQicUb",58,@CBSNews
0.6486,Mon Feb 05 19:43:51 +0000 2018,0.0,0.773,0.227,“We have doubled the child tax credit. That was compliments very much of Ivanka Trump. She would press us...Pretty… https://t.co/NAXHCLjJPC,59,@CBSNews
-0.296,Mon Feb 05 19:41:52 +0000 2018,0.104,0.896,0.0,"""At the center of America's resurgence are the massive tax cuts that we just passed before Christmas,"" @POTUS says,… https://t.co/nTzUv7roBQ",60,@CBSNews
0.0,Mon Feb 05 19:38:35 +0000 2018,0.0,1.0,0.0,"""Your paychecks are going way up, your taxes are going way down...factories are coming back. Everything is coming b… https://t.co/rmDqTHi0NP",61,@CBSNews
-0.296,Mon Feb 05 19:35:44 +0000 2018,0.136,0.864,0.0,"WATCH LIVE: President Trump speaks in Cincinnati, addresses the economy and tax cuts https://t.co/bPu5Qu6vBa https://t.co/5i7wxuOhhe",62,@CBSNews
0.3818,Mon Feb 05 19:32:39 +0000 2018,0.0,0.816,0.184,"“Our biggest challenge is time,” official says. “Many of the witnesses have passed away... The original investigato… https://t.co/hT7Q2nUzC0",63,@CBSNews
0.0,Mon Feb 05 19:31:04 +0000 2018,0.0,1.0,0.0,"Official: When Captain Davern suggests “Hey, we should turn on the light to look for [Wood],” [Wagner] says “No.”In… https://t.co/286sRpRFFT",64,@CBSNews
-0.296,Mon Feb 05 19:27:09 +0000 2018,0.128,0.872,0.0,"Reporter: Have you previously interviewed Mr. Wagner? 
LA County Official: No. We have not. https://t.co/4FNgFlSMvI https://t.co/QSTfygNVLP",65,@CBSNews
0.0,Mon Feb 05 19:25:23 +0000 2018,0.0,1.0,0.0,"“I can't go through the whole three days. There's a lot that went on. We have talked about it before, especially on… https://t.co/oN5SSmOJqi",66,@CBSNews
0.0,Mon Feb 05 19:22:13 +0000 2018,0.0,1.0,0.0,"“Yes, there were bruises on Natalie Wood’s body -- that's the coroners' review, they are the experts. They say thei… https://t.co/SonCf63Ows",67,@CBSNews
-0.8265,Mon Feb 05 19:20:50 +0000 2018,0.299,0.701,0.0,"Captain Dennis Davern “said Robert Wagner looked so angry, so crazy that he was afraid for his own safety...Robert… https://t.co/2aBAXzZWt1",68,@CBSNews
-0.6794,Mon Feb 05 19:16:31 +0000 2018,0.276,0.646,0.078,"“This is a suspicious death investigation,” official says on Natalie Wood case. “Were not pressing charges on anyon… https://t.co/fT3VfYwRwZ",69,@CBSNews
0.4588,Mon Feb 05 19:15:06 +0000 2018,0.0,0.889,0.111,“He is a person of interest because he was last person with her before she went in the water. He is there and the l… https://t.co/itca006voo,70,@CBSNews
0.802,Mon Feb 05 19:13:25 +0000 2018,0.0,0.728,0.272,"""And yes, of course we want to talk to Robert Wagner. You bet. We would love to hear his his version of events,"" of… https://t.co/njxk7kflDX",71,@CBSNews
0.0,Mon Feb 05 19:11:58 +0000 2018,0.0,1.0,0.0,"Official says new witnesses ""corroborate with what Dennis Davern was saying. That he was on the boat and heard the… https://t.co/0Wo7XXaSLl",72,@CBSNews
0.0,Mon Feb 05 19:08:21 +0000 2018,0.0,1.0,0.0,“There are new witnesses…we’ve interviewed a lot of new people...People who knew the couple or had knowledge of wha… https://t.co/78NKrLx0Gx,73,@CBSNews
0.0,Mon Feb 05 19:03:49 +0000 2018,0.0,1.0,0.0,"NOW: Investigators hold press conference days after #48Hours' @EFMoriarty reports on Robert Wagner, who is now a pe… https://t.co/9S8oHqUaHI",74,@CBSNews
-0.8316,Mon Feb 05 18:50:01 +0000 2018,0.404,0.596,0.0,"DUI suspect in crash death of Colts player Edwin Jackson deported twice, police say https://t.co/d7g0izpxZV https://t.co/Altebz3P0s",75,@CBSNews
0.0,Mon Feb 05 18:48:47 +0000 2018,0.0,1.0,0.0,"WATCH: President Trump and first lady Melania Trump touch down in Cincinnati, where the president is set to give a… https://t.co/UrsDvBpQT1",76,@CBSNews
0.0,Mon Feb 05 18:36:11 +0000 2018,0.0,1.0,0.0,Stocks are on the decline Monday with Dow Jones industrials down more than 400 points. This comes after the Dow's w… https://t.co/6hWO2QocbG,77,@CBSNews
0.8074,Mon Feb 05 18:30:46 +0000 2018,0.0,0.733,0.267,Some Eagles players say they will not visit the Trump White House with the rest of their Super Bowl winning teammat… https://t.co/bPU95kFOTF,78,@CBSNews
0.4767,Mon Feb 05 18:18:43 +0000 2018,0.11,0.639,0.251,"The Supreme Court will allow Pennsylvania congressional redistricting to proceed, denying the Republican plea to pu… https://t.co/kBiqugivVy",79,@CBSNews
-0.3612,Mon Feb 05 18:01:01 +0000 2018,0.122,0.878,0.0,An outspoken Holocaust denier is likely to appear on the November ballot as the Republican nominee for a Chicago-ar… https://t.co/oLJhr8BQtf,80,@CBSNews
0.4939,Mon Feb 05 17:46:01 +0000 2018,0.0,0.814,0.186,Excitement builds for SpaceX Falcon Heavy rocket launch as SpaceX makes final preparations https://t.co/4RlAIOrika https://t.co/CWXApwiMm4,81,@CBSNews
0.0,Mon Feb 05 17:30:01 +0000 2018,0.0,1.0,0.0,Far more teens than previously thought are transgender or identify themselves using other nontraditional gender ter… https://t.co/FtIViPaL4A,82,@CBSNews
-0.3612,Mon Feb 05 17:10:43 +0000 2018,0.128,0.872,0.0,#SelfieKid became an instant meme after seeming to ignore Justin Timberlake during the #SuperBowl halftime show. He… https://t.co/kgVh3utGh2,83,@CBSNews
-0.5574,Mon Feb 05 16:55:02 +0000 2018,0.289,0.592,0.118,"Top ivory, rhino horn trafficking investigator Esmond Martin murdered https://t.co/gFz324m0NA https://t.co/V2Pt9VeAdM",84,@CBSNews
0.4939,Mon Feb 05 16:35:01 +0000 2018,0.0,0.811,0.189,"Shares of Wells Fargo were off nearly 7 percent amid a slew of downgrades by firms including Morgan Stanley, J.P Mo… https://t.co/nCRsVLEgNE",85,@CBSNews
0.0258,Mon Feb 05 16:20:01 +0000 2018,0.176,0.644,0.18,This is... another Tide ad: Relive the best and worst #SuperBowl commercials from last night https://t.co/2cqqkAzm3m https://t.co/AkdK126OCs,86,@CBSNews
0.296,Mon Feb 05 16:05:01 +0000 2018,0.132,0.636,0.232,Kentucky State Police offer apology after sending Super Bowl-themed tweet -- aimed at discouraging drunken driving… https://t.co/PnOLmYioIv,87,@CBSNews
0.7579,Mon Feb 05 15:50:01 +0000 2018,0.0,0.667,0.333,Alleged computer hacker from Britain wins his appeal against extradition to the United States… https://t.co/I7Z0dK6V0o,88,@CBSNews
-0.2247,Mon Feb 05 15:35:01 +0000 2018,0.139,0.762,0.099,"After deadly train accident in South Carolina, one expert says Amtrak crashes are becoming ""almost like an epidemic… https://t.co/Wwg6dsF989",89,@CBSNews
0.5994,Mon Feb 05 15:24:01 +0000 2018,0.0,0.83,0.17,"Philadelphia Eagles wide receiver Alshon Jeffery, who scored the first touchdown in Super Bowl LII, joins CBSN to d… https://t.co/yEKvUNiQ5R",90,@CBSNews
-0.2023,Mon Feb 05 15:20:01 +0000 2018,0.216,0.647,0.138,"Pres. Trump mischaracterizes protests over health care funding in Britain to attack Democrats for ""pushing for Univ… https://t.co/Jbh0bdHXc0",91,@CBSNews
-0.9422,Mon Feb 05 15:06:01 +0000 2018,0.483,0.517,0.0,"MORE: In final punishment of sex abuse scandal, Larry Nassar sentenced to 40 to 125 more years in prison in Michiga… https://t.co/OSqfUDUT3J",92,@CBSNews
0.3818,Mon Feb 05 15:01:54 +0000 2018,0.0,0.867,0.133,"Sens. John McCain (R-AZ) and Chris Coons (D-DE) are unveiling a bipartisan immigration measure that would protect ""… https://t.co/CzDAbyOcec",93,@CBSNews
-0.7506,Mon Feb 05 14:53:33 +0000 2018,0.303,0.697,0.0,"JUST IN: Disgraced former USA Gymnastics doctor Larry Nassar sentenced to 40-125 years in prison in Michigan; ""I be… https://t.co/uSeZEJsHOC",94,@CBSNews
0.25,Mon Feb 05 14:35:01 +0000 2018,0.112,0.736,0.151,"Viewers had the time of their life during Eli Manning and Odell Beckham Jr.'s ""Dirty Dancing"" spoof, a Super Bowl a… https://t.co/oAAJsabWoz",95,@CBSNews
-0.3182,Mon Feb 05 14:20:01 +0000 2018,0.099,0.901,0.0,"After Las Vegas massacre, there was a fevered pitch to ban bump stocks, the device used by the shooter; but as the… https://t.co/XGeU110AIB",96,@CBSNews
0.4767,Mon Feb 05 14:04:02 +0000 2018,0.0,0.86,0.14,"Pres. Trump bashes ""Little Adam Schiff,"" the ranking Democrat on the House Intelligence Committee, in wake of GOP m… https://t.co/jujUsW9Yz7",97,@CBSNews
0.7579,Mon Feb 05 13:54:32 +0000 2018,0.0,0.698,0.302,"Claire Danes on #MeToo movement: ""I think it's wonderful. I think it's nascent...it's powerful, it's been a millenn… https://t.co/MCXFkm4O4M",98,@CBSNews
0.4939,Mon Feb 05 13:48:48 +0000 2018,0.0,0.833,0.167,"""How is Carrie's mental state?""
""It's tenuous,"" Claire Danes says. ""...it's her blessing and her curse."" https://t.co/IjeRsObrva",99,@CBSNews
-0.0516,Tue Feb 06 05:01:08 +0000 2018,0.062,0.938,0.0,The US is the only industrialized country that does not offer all of its citizens paid family leave https://t.co/cag15ym1Tu,0,@CNN
-0.1027,Tue Feb 06 04:46:04 +0000 2018,0.103,0.897,0.0,"As the Family and Medical Leave Act turns 25, it's time to get real about paid leave and making the workplace bette… https://t.co/uGRjkRUlFe",1,@CNN
0.0,Tue Feb 06 04:31:06 +0000 2018,0.0,1.0,0.0,"Mitch McConnell holds all the cards on next week's immigration debate, and he's not tipping his hand… https://t.co/LbAIkdYX3F",2,@CNN
0.3612,Tue Feb 06 04:16:07 +0000 2018,0.0,0.839,0.161,Hugh Grant has settled a phone-hacking case against British media company Mirror Group Newspapers… https://t.co/4MLOCJYN8o,3,@CNN
-0.2732,Tue Feb 06 04:11:08 +0000 2018,0.087,0.913,0.0,"Survivors of the USS Pueblo are suing North Korea, 50 years after the American spy ship was seized off the Korean P… https://t.co/HXm3C1bLgJ",4,@CNN
-0.7269,Tue Feb 06 04:01:06 +0000 2018,0.313,0.604,0.083,Sunday's fatal crash shows the risks when freight and passenger trains share the same tracks. Most of the passenger… https://t.co/Dqy6dZt4cl,5,@CNN
0.7184,Tue Feb 06 03:47:20 +0000 2018,0.0,0.727,0.273,"John Mahoney, a veteran character actor best known for playing the curmudgeonly dog-loving father of the title char… https://t.co/bgzAFRhRi8",6,@CNN
-0.1027,Tue Feb 06 03:46:04 +0000 2018,0.135,0.865,0.0,"""The Cloverfield Paradox"" splashes, then crashes on Netflix https://t.co/IE81nuH0Uz https://t.co/YuQZOqJAPN",7,@CNN
0.0772,Tue Feb 06 03:35:29 +0000 2018,0.0,0.947,0.053,"RT @AC360: Republican Rep. Lee Zeldin speaks about the House committee vote to send Democrats' memo to Trump's desk: ""I want the American p…",8,@CNN
0.6249,Tue Feb 06 03:33:07 +0000 2018,0.0,0.769,0.231,Trump's attorneys are trying to sway him against agreeing to an interview with special counsel Mueller partially ou… https://t.co/lU4IeTGSWS,9,@CNN
0.0,Tue Feb 06 03:32:25 +0000 2018,0.0,1.0,0.0,"RT @CNNTonight: Rep. Ted Lieu tells @ErinBurnett he has read the Democrats' memo ""multiple times."" He lays out three conclusions that he be…",10,@CNN
-0.5994,Tue Feb 06 03:31:04 +0000 2018,0.231,0.769,0.0,"Investigators say Robert Wagner's story on Natalie Wood's death doesn't ""add up"" https://t.co/OF25v9ugpT https://t.co/GszqzPR3MG",11,@CNN
0.3565,Tue Feb 06 03:28:03 +0000 2018,0.045,0.854,0.1,"RT @CNNTonight: ""I don't know why his attorneys wouldn't want him to talk to the special counsel unless they thought he had something to hi…",12,@CNN
0.2105,Tue Feb 06 03:16:07 +0000 2018,0.151,0.704,0.145,"Rachel Crooks, who accused President Trump of kissing her on the mouth without her consent in 2005, is running for… https://t.co/7Ln1c2ByV8",13,@CNN
0.4767,Tue Feb 06 03:05:05 +0000 2018,0.0,0.838,0.162,"Former White House chief strategist Steve Bannon won't appear before the House Intelligence Committee Tuesday, risk… https://t.co/hCqzdy1fYq",14,@CNN
-0.886,Tue Feb 06 03:01:35 +0000 2018,0.391,0.559,0.049,"RT @AC360: ""Lying is lying. There's no such thing as a 'perjury trap.' It is simply a defense lawyer speak for a justification for a witnes…",15,@CNN
0.0,Tue Feb 06 03:01:08 +0000 2018,0.0,1.0,0.0,US Vice President Pence heads to the #PyeongChang2018 Winter Olympics to throw shade on the North Korean “charade”… https://t.co/gFyXkrDyuM,16,@CNN
-0.5994,Tue Feb 06 02:52:35 +0000 2018,0.176,0.824,0.0,"RT @AC360: Former FBI agent on why he resigned over political attacks on the bureau: ""The men and women of the FBI deserve these political…",17,@CNN
0.5994,Tue Feb 06 02:51:03 +0000 2018,0.0,0.782,0.218,Eli Manning and Odell Beckham Jr. sweep the Super Bowl off its feet https://t.co/TZiyABakC1 https://t.co/r7Yo4kVd12,18,@CNN
0.5574,Tue Feb 06 02:41:04 +0000 2018,0.0,0.847,0.153,"""Using the stock market as the leading proof point of your economic successes is a fool's errand. ... (Trump) has t… https://t.co/KWHW0hZeR9",19,@CNN
0.5994,Tue Feb 06 02:35:42 +0000 2018,0.0,0.769,0.231,Justin Timberlake will probably make bank off his Super Bowl halftime performance https://t.co/nlr7Rx0bXI https://t.co/F06vqEpe5r,20,@CNN
0.0,Tue Feb 06 02:28:01 +0000 2018,0.0,1.0,0.0,"CNN's @andersoncooper: #KeepingThemHonest, whatever else you might think of the Nunes memo, one thing is plain just… https://t.co/VklnIJEpY7",21,@CNN
0.0,Tue Feb 06 02:26:06 +0000 2018,0.0,1.0,0.0,"Just after 3 p.m., the Dow went off a cliff. This is how the Dow fell 800 points in 10 minutes… https://t.co/nrNVFlp4d7",22,@CNN
-0.1779,Tue Feb 06 02:20:56 +0000 2018,0.075,0.925,0.0,"RT @AC360: Democrat Rep. Mike Quigley speculates that President Trump could try to ""seriously redact"" the Democratic memo, should it be rel…",23,@CNN
-0.34,Tue Feb 06 02:01:08 +0000 2018,0.156,0.755,0.09,A Pentagon agency failed to properly document hundreds of millions of dollars' worth of funding for construction pr… https://t.co/daBAhYjahg,24,@CNN
0.0,Tue Feb 06 01:51:02 +0000 2018,0.0,1.0,0.0,"House GOP leaders are moving ahead with a plan to keep the government funded into mid-March, but there's a catch th… https://t.co/F4IjYMjUCb",25,@CNN
0.5994,Tue Feb 06 01:41:02 +0000 2018,0.0,0.786,0.214,"RT @AC360: Republican Rep. Lee Zeldin slams House Intelligence Committee's top Democrat: ""Congressman Schiff, you could say, has been full…",26,@CNN
0.0,Tue Feb 06 01:41:02 +0000 2018,0.0,1.0,0.0,Falcon Heavy is the name of a highly anticipated SpaceX rocket that's set to launch for the first time on Tuesday.… https://t.co/MP3AFLSWf7,27,@CNN
-0.1531,Tue Feb 06 01:31:08 +0000 2018,0.128,0.766,0.106,"""When you buy the good news, you inevitably own the bad as well."" Today was a stock market lesson for Trump -- the… https://t.co/sVbz4AtHoM",28,@CNN
-0.4019,Tue Feb 06 01:29:59 +0000 2018,0.162,0.838,0.0,Investigators are piecing together details of the deadly Amtrak train crash in South Carolina… https://t.co/DEX96hfqMK,29,@CNN
-0.3818,Tue Feb 06 01:27:13 +0000 2018,0.098,0.902,0.0,"RT @AC360: Democrat Rep. Mike Quigley on Devin Nunes evading questions about WH role in GOP memo: ""They have been a blocking back for the W…",30,@CNN
-0.4939,Tue Feb 06 01:26:07 +0000 2018,0.286,0.714,0.0,Market fear is back in a big way https://t.co/jxOCdb0y1O https://t.co/e50KdKyvU2,31,@CNN
0.7184,Tue Feb 06 01:21:08 +0000 2018,0.0,0.727,0.273,"John Mahoney, a veteran character actor best known for playing the curmudgeonly dog-loving father of the title char… https://t.co/OsaNTDhphY",32,@CNN
0.0,Tue Feb 06 01:18:27 +0000 2018,0.0,1.0,0.0,"RT @OutFrontCNN: President Donald Trump has a little habit of calling his colleagues diminutive, a tiny trait that has many on social media…",33,@CNN
-0.4404,Tue Feb 06 01:15:31 +0000 2018,0.137,0.803,0.06,"CNN legal analyst Jeffrey Toobin: Trump ""has violated so many norms of behavior, in terms of how we expect public o… https://t.co/XFJPtuB7gI",34,@CNN
0.0,Tue Feb 06 01:13:04 +0000 2018,0.0,1.0,0.0,"Sen. Sheldon Whitehouse on President Trump's ""treason"" barb: ""Maybe he's been watching too much North Korean televi… https://t.co/kfCgqgQ7LD",35,@CNN
0.0,Tue Feb 06 01:07:37 +0000 2018,0.0,1.0,0.0,Moscow endures its heaviest snowfall in more than 60 years https://t.co/fGYKq5TyMq https://t.co/g0Qcr8Jr8h,36,@CNN
-0.296,Tue Feb 06 01:01:54 +0000 2018,0.104,0.896,0.0,"RT @OutFrontCNN: CNN presidential historian Tim Naftali: If Rep. Devin Nunes ""uses the power of congressional investigation to undermine ou…",37,@CNN
-0.2732,Tue Feb 06 00:58:10 +0000 2018,0.11,0.89,0.0,"Joan Walsh on Trump's remarks suggesting Democrats' #SOTU reaction was ""treasonous"": Trump has hit a ""new low"" and… https://t.co/adbme0yT4w",38,@CNN
-0.5574,Tue Feb 06 00:53:05 +0000 2018,0.254,0.603,0.142,"Secretary of Defense James Mattis fired two top Guantanamo Bay officials over a ""loss of confidence,"" a senior defe… https://t.co/IUZd4C7IWg",39,@CNN
0.0,Tue Feb 06 00:50:48 +0000 2018,0.0,1.0,0.0,"Tim Naftali, former director of the Nixon Presidential Library: If Rep. Devin Nunes ""uses the power of congressiona… https://t.co/eRLynZTRXo",40,@CNN
-0.128,Tue Feb 06 00:48:03 +0000 2018,0.081,0.919,0.0,"Asian stocks plunge after a tough day on Wall Street, in which the Dow closed down 1,175 points https://t.co/4zMM8d519V",41,@CNN
-0.8885,Tue Feb 06 00:43:06 +0000 2018,0.451,0.549,0.0,Colts linebacker Edwin Jackson and another man were struck and killed in a suspected drunken driving accident. The… https://t.co/ELrT4zxl2X,42,@CNN
-0.3612,Tue Feb 06 00:38:06 +0000 2018,0.122,0.878,0.0,A White House deputy press secretary cited a recent conversation with his Uber driver as he argued that the Russia… https://t.co/VWkgiXcX39,43,@CNN
0.0,Tue Feb 06 00:33:04 +0000 2018,0.0,1.0,0.0,Ivanka Trump will lead the Presidential delegation to South Korea for the closing ceremony of the 2018 Pyeongchang… https://t.co/O7YaHy5edw,44,@CNN
-0.25,Tue Feb 06 00:28:04 +0000 2018,0.111,0.889,0.0,"Lululemon's CEO has resigned after, the company claims, he ""fell short"" of its standards of conduct… https://t.co/VCEVckjo2G",45,@CNN
0.34,Tue Feb 06 00:26:38 +0000 2018,0.0,0.862,0.138,"President Trump is expected to sign a national security memorandum on Tuesday establishing a ""National Vetting Cent… https://t.co/Id5EVCqbs1",46,@CNN
-0.4404,Tue Feb 06 00:25:42 +0000 2018,0.142,0.795,0.063,"CNN legal analyst JeffreyToobin: Trump ""has violated so many norms of behavior, in terms of how we expect public of… https://t.co/Rhv0g8WQWh",47,@CNN
-0.6948,Tue Feb 06 00:23:30 +0000 2018,0.165,0.835,0.0,"RT @OutFrontCNN: ""We believe what the Republicans did last week with their false memo was so poisonous that the only antidote would be to c…",48,@CNN
-0.5499,Tue Feb 06 00:23:05 +0000 2018,0.228,0.772,0.0,"Stocks plunged, but that doesn't mean the economy is in trouble https://t.co/aJ6HEtzw00 https://t.co/vHoJaoLZfO",49,@CNN
0.0,Tue Feb 06 00:17:54 +0000 2018,0.0,1.0,0.0,"It wasn't just stocks that took a plunge. Bitcoin was down 15% for the day, while ethereum dipped a whopping 20%, a… https://t.co/Eeq8rFWhX3",50,@CNN
0.0,Tue Feb 06 00:12:34 +0000 2018,0.0,1.0,0.0,"From castles to theme parks, these are some of the buildings and structures that met the wrecking ball in 2017… https://t.co/oZwJLsCQAF",51,@CNN
0.0,Tue Feb 06 00:03:24 +0000 2018,0.0,1.0,0.0,"Sen. Whitehouse responds to Trump’s remark suggesting some Dems' #SOTU reaction may have been ""treasonous"": Maybe h… https://t.co/R50khh1sPB",52,@CNN
-0.3182,Tue Feb 06 00:01:04 +0000 2018,0.161,0.839,0.0,The Dow just lost 4.6%. What does that mean for you? https://t.co/7YeecH5jX6 https://t.co/UejAQcAczv,53,@CNN
-0.1779,Mon Feb 05 23:48:43 +0000 2018,0.102,0.898,0.0,"Waymo is accusing Uber of ""cheating"" to get ahead in the self-driving car race https://t.co/33ymWToh37 https://t.co/ANhArXGSBj",54,@CNN
-0.1779,Mon Feb 05 23:42:54 +0000 2018,0.118,0.802,0.08,The US Defense Department mistakenly labeled Taiwan as part of China in its nuclear report https://t.co/TNcm5i1qSS https://t.co/7TUNYGFsGY,55,@CNN
0.0,Mon Feb 05 23:37:24 +0000 2018,0.0,1.0,0.0,"Democratic Rep. Adam Schiff: ""For my colleagues on the other side of the aisle, or in the White House, to say they’… https://t.co/4cebuy3nv8",56,@CNN
0.4019,Mon Feb 05 23:28:06 +0000 2018,0.0,0.876,0.124,Rep. Adam Schiff says Democrats’ memo will help inform the public of the “many distortions and inaccuracies” in the… https://t.co/v2o37rhKLU,57,@CNN
0.4767,Mon Feb 05 23:25:36 +0000 2018,0.0,0.846,0.154,JUST IN: The House Intelligence Committee votes unanimously to send the Democratic memo that rebuts GOP allegations… https://t.co/7KN0xtLbox,58,@CNN
-0.2732,Mon Feb 05 23:11:10 +0000 2018,0.091,0.909,0.0,"The Dow's 1,175-point drop on Monday amounted to 4.6% -- nowhere close to Black Monday in 1987 or the financial cri… https://t.co/d5Df2Pr0Vr",59,@CNN
-0.4404,Mon Feb 05 23:06:24 +0000 2018,0.182,0.818,0.0,Donald Trump doesn't know the difference between treason and dissent | Analysis by @CillizzaCNN… https://t.co/gCFmOSbPFU,60,@CNN
0.2023,Mon Feb 05 23:04:01 +0000 2018,0.141,0.649,0.21,"""The President of the United States calling the other party treasonous? That is literally the definition of what it… https://t.co/9r2jo60wKE",61,@CNN
0.0,Mon Feb 05 23:01:05 +0000 2018,0.0,1.0,0.0,"RT @CNNSitRoom: ""There comes a point when the rhetoric becomes so toxic between politicians that you got to take a step back and ask yourse…",62,@CNN
-0.7235,Mon Feb 05 22:57:00 +0000 2018,0.224,0.776,0.0,Monday was a record-setting day on Wall Street -- but not in a good way. The Dow has lost more than a quarter of it… https://t.co/0u6dwBr4Ma,63,@CNN
-0.4019,Mon Feb 05 22:50:20 +0000 2018,0.252,0.748,0.0,The US government has a ballooning borrowing problem https://t.co/CfBPwb66DC https://t.co/PqHSfgAEcQ,64,@CNN
0.3182,Mon Feb 05 22:41:12 +0000 2018,0.0,0.867,0.133,"Judicial council drops investigation into prominent former federal judge Alex Kozinski, who faced multiple accusati… https://t.co/d6ceUJIA1o",65,@CNN
0.7845,Mon Feb 05 22:31:06 +0000 2018,0.0,0.639,0.361,Democrats' chances of winning back the House just got a major boost | Analysis by CNN's Chris Cillizza… https://t.co/h2j8Uc0ydx,66,@CNN
0.0,Mon Feb 05 22:25:16 +0000 2018,0.0,1.0,0.0,A long-shot candidate with a history of anti-Semitic statements and Holocaust denial is running unopposed in the GO… https://t.co/J3Q4gGWE2A,67,@CNN
0.0,Mon Feb 05 22:20:36 +0000 2018,0.0,1.0,0.0,"RT @CNNSitRoom: The Dow fell more than 1,100 points, or about 4.6%, for its largest single-day point decline ever. At one point, it dropped…",68,@CNN
-0.3818,Mon Feb 05 22:18:46 +0000 2018,0.178,0.822,0.0,President Trump's embarrassing split-screen moment on stocks | Analysis by CNN's Stephen Collinson… https://t.co/4Jck6rFUTF,69,@CNN
0.2023,Mon Feb 05 22:11:45 +0000 2018,0.127,0.685,0.188,"RT @TheLeadCNN: ""The President of the United States calling the other party treasonous? That is literally the definition of what it means t…",70,@CNN
0.7003,Mon Feb 05 22:08:00 +0000 2018,0.0,0.736,0.264,"If you smoke cigarettes or drink alcohol daily, you may want to consider letting your tea cool before you enjoy it.… https://t.co/M5uQtTXrdV",71,@CNN
0.296,Mon Feb 05 21:59:36 +0000 2018,0.0,0.891,0.109,UCLA faced off against the University of Oklahoma Sunday in a gymnastics meet filled with solidarity for members of… https://t.co/hxraR08bxQ,72,@CNN
-0.4767,Mon Feb 05 21:47:08 +0000 2018,0.154,0.846,0.0,"Hours off of receiving a second Twitter attack from President Trump, California Democratic Rep. Adam Schiff said Wh… https://t.co/FquLq5yFtq",73,@CNN
-0.5574,Mon Feb 05 21:45:39 +0000 2018,0.159,0.841,0.0,"Employees at Newsweek have been told that editor-in-chief Bob Roe and executive editor Ken Li have been fired, sour… https://t.co/v31DuCzHSi",74,@CNN
-0.6249,Mon Feb 05 21:32:08 +0000 2018,0.17,0.83,0.0,"The Dow Jones stock index was down 1,175 points at the closing bell, its worst closing point decline on record… https://t.co/JLKlRDJOvw",75,@CNN
-0.4939,Mon Feb 05 21:30:17 +0000 2018,0.132,0.868,0.0,RT @CNNPolitics: Schiff says President Trump has “his own enemies list”: “Anyone who is involved in the Russia investigation is basically o…,76,@CNN
0.0,Mon Feb 05 21:18:00 +0000 2018,0.0,1.0,0.0,"Rep. Adam Schiff responds to Trump's tweet about him, saying it may be time for chief of staff John Kelly to give t… https://t.co/EcYAWkQIvY",77,@CNN
0.0,Mon Feb 05 21:10:59 +0000 2018,0.0,1.0,0.0,"BREAKING: The Dow fell more than 1,100 points, or about 4.6%, for its largest single-day point decline ever. At one… https://t.co/EFHFf7V49m",78,@CNN
-0.1531,Mon Feb 05 20:50:27 +0000 2018,0.078,0.922,0.0,"The markets plunged Monday, with the Dow falling nearly 1,600 points -- the largest intraday point decline ever --… https://t.co/JEuBBXqR49",79,@CNN
0.0,Mon Feb 05 20:45:26 +0000 2018,0.0,1.0,0.0,"As the stock market drops, CNN's Rana Foroohar cautions: ""Sit tight. Don't do anything for the next few weeks unles… https://t.co/E0KnxP5RI3",80,@CNN
0.0,Mon Feb 05 20:40:41 +0000 2018,0.0,1.0,0.0,Four stats that put today's plunging Dow in perspective https://t.co/2cvrnoLRfc https://t.co/hT9AOSl1Mh,81,@CNN
-0.3182,Mon Feb 05 20:34:33 +0000 2018,0.113,0.887,0.0,"President Trump mocked some Democrats for their reactions to his State of the Union speech, calling their responses… https://t.co/2zhg2n3pg9",82,@CNN
-0.0258,Mon Feb 05 20:22:10 +0000 2018,0.073,0.927,0.0,President Trump touts the economy and tax legislation as the stock market dips https://t.co/WTR8PlnFxO https://t.co/47Y9hBiOc6,83,@CNN
0.0,Mon Feb 05 20:15:48 +0000 2018,0.0,1.0,0.0,RT @CNNMoney: UPDATE: Dow plunges 1200+ points. https://t.co/M7MneHgANj,84,@CNN
0.0,Mon Feb 05 20:15:04 +0000 2018,0.0,1.0,0.0,RT @CNNPolitics: Trump talks about the 2018 midterm elections: “We’ve got to get out there and win” https://t.co/yJUlxCI7gN,85,@CNN
0.743,Mon Feb 05 20:10:05 +0000 2018,0.0,0.704,0.296,A CNN employee found sensitive Department of Homeland Security reports about protecting the Super Bowl from terrori… https://t.co/0HAeul2plj,86,@CNN
-0.3412,Mon Feb 05 20:08:17 +0000 2018,0.118,0.882,0.0,"President Trump speaks in Ohio: ""This is not a good day for Nancy Pelosi. ... She's our secret weapon""… https://t.co/4sIO5cbH4a",87,@CNN
0.0,Mon Feb 05 20:00:45 +0000 2018,0.0,1.0,0.0,Philadelphia Eagles star Malcolm Jenkins says he intends to skip the team's visit to the White House to commemorate… https://t.co/17EaG8N5GL,88,@CNN
-0.128,Mon Feb 05 19:55:07 +0000 2018,0.143,0.857,0.0,Market mayhem puts President Trump in a tough spot https://t.co/soJw6kRtdh https://t.co/43BpTvlVDp,89,@CNN
-0.7351,Mon Feb 05 19:50:05 +0000 2018,0.286,0.714,0.0,Former USA Gymnastics doctor Larry Nassar sentenced to 40 to 125 years in prison after pleading guilty to three cou… https://t.co/c9Thz5xznX,90,@CNN
0.0,Mon Feb 05 19:46:49 +0000 2018,0.0,1.0,0.0,"President Trump tells Ohio workers, ""America is once again open for business. ... We're bringing back those four ma… https://t.co/GKXBQIzc0t",91,@CNN
0.0,Mon Feb 05 19:40:17 +0000 2018,0.0,1.0,0.0,Dozens of ancient Mayan cities have been uncovered by laser mapping https://t.co/gTHuoFyhHs https://t.co/NefV2bhTvv,92,@CNN
0.0,Mon Feb 05 19:36:32 +0000 2018,0.0,1.0,0.0,President Trump talks to workers about tax reform after touring a manufacturing plant in Ohio. Watch CNN:… https://t.co/ij4bAvzTqJ,93,@CNN
0.3182,Mon Feb 05 19:30:05 +0000 2018,0.0,0.887,0.113,Jeff Bezos and Elon Musk exchanged social media pleasantries ahead of the much-hyped launch of SpaceX's Falcon Heav… https://t.co/pBPih2Yhoc,94,@CNN
0.0,Mon Feb 05 19:20:13 +0000 2018,0.0,1.0,0.0,Read Judge Janice Cunningham's statement to Larry Nassar https://t.co/fBP8HXJwV8 https://t.co/s8Y8xF26pC,95,@CNN
0.34,Mon Feb 05 19:10:13 +0000 2018,0.089,0.766,0.145,"Positive train control, or PTC, can automatically slow down and stop a train if it senses the locomotive is going t… https://t.co/wdCtzb5hsv",96,@CNN
0.5994,Mon Feb 05 19:00:12 +0000 2018,0.0,0.755,0.245,Why this year's Super Bowl ads pulled punches on President Trump https://t.co/0kHKbDOoF4 https://t.co/izyviWKpqU,97,@CNN
0.2263,Mon Feb 05 18:50:04 +0000 2018,0.0,0.899,0.101,"Without proper diagnoses or informed consent, people with dementia in nursing homes are being controlled by antipsy… https://t.co/WuC2ucU8Px",98,@CNN
0.0,Mon Feb 05 18:40:11 +0000 2018,0.0,1.0,0.0,President Trump's nominee to be ambassador to Barbados and several other Caribbean countries spread fringe conspira… https://t.co/f0WIPV2BQf,99,@CNN
0.0,Tue Feb 06 05:15:00 +0000 2018,0.0,1.0,0.0,Levin on FISA Controversy: #Obama Likely Knew '@HillaryClinton Paid for a Warrant' https://t.co/2vxuRFB5MW,0,@FoxNews
0.6249,Tue Feb 06 05:10:03 +0000 2018,0.0,0.823,0.177,".@POTUS: “We’re one team, one people, and one family and we’re saluting one, great American flag and everybody stoo… https://t.co/mQ5VuF4RqY",1,@FoxNews
0.5859,Tue Feb 06 05:05:03 +0000 2018,0.0,0.769,0.231,Soldier Surprise: A #Missouri soldier gave his son a special birthday present when he returned home early and surpr… https://t.co/zM5ANPO7Ge,2,@FoxNews
0.0,Tue Feb 06 05:00:55 +0000 2018,0.0,1.0,0.0,"Marines secretly recorded hazing at Camp Pendleton barracks, report says https://t.co/bCluWSb2XD",3,@FoxNews
-0.6808,Tue Feb 06 04:50:50 +0000 2018,0.359,0.641,0.0,OPINION: Parents furious after school cancels father-daughter dance over gender issues https://t.co/HZAiNZqWy6,4,@FoxNews
0.4767,Tue Feb 06 04:43:00 +0000 2018,0.0,0.846,0.154,".@TuckerCarlson: ""For the first time in generations Americans have reason to believe that our intelligence and law… https://t.co/7WFFk4vWUE",5,@FoxNews
-0.8442,Tue Feb 06 04:37:36 +0000 2018,0.403,0.597,0.0,"Edwin Jackson, Indianapolis Colts linebacker, was killed by an illegal immigrant, police say https://t.co/d99vfkSSke",6,@FoxNews
-0.5267,Tue Feb 06 04:34:00 +0000 2018,0.195,0.805,0.0,#Trump slams 'Little' @RepAdamSchiff as 'one of the biggest liars and leakers' in Washington https://t.co/ah4A5ohQSB,7,@FoxNews
0.0,Tue Feb 06 04:29:18 +0000 2018,0.0,1.0,0.0,".@RepBrianFitz: ""The overwhelming majority of people that go into the FBI go in there because they're not political… https://t.co/2Q2v9kjiWV",8,@FoxNews
0.4404,Tue Feb 06 04:25:00 +0000 2018,0.0,0.805,0.195,Philadelphia aims to become first US city to legalize safe injection sites https://t.co/S2Ec6msv8l,9,@FoxNews
0.0,Tue Feb 06 04:18:36 +0000 2018,0.0,1.0,0.0,".@POTUS: “Your paychecks are going way up, your taxes are going way down…America is once again open for business."" https://t.co/OAqWB1Fg8T",10,@FoxNews
0.0,Tue Feb 06 04:10:00 +0000 2018,0.0,1.0,0.0,"Nunes sets sights on State Department next, says FISA memo only 'phase one' https://t.co/MZh6oCcGYv",11,@FoxNews
-0.4118,Tue Feb 06 04:05:56 +0000 2018,0.126,0.874,0.0,"Victor Davis Hanson: ""[Carter Page] wouldn't have been where he is had there not been this crazy, mythographic doss… https://t.co/eWqRbKwbZZ",12,@FoxNews
0.0,Tue Feb 06 03:58:43 +0000 2018,0.0,1.0,0.0,".@MZHemingway: ""[Carter Page] is a man who's had all the power of the federal government going up against him.""… https://t.co/OOovLhCaov",13,@FoxNews
0.3612,Tue Feb 06 03:55:17 +0000 2018,0.0,0.894,0.106,"""He was just trying to make himself look like more of an insider than he was.""  - @ByronYork on Carter Page calling… https://t.co/ikev4Zadc5",14,@FoxNews
0.0,Tue Feb 06 03:46:42 +0000 2018,0.0,1.0,0.0,"Carter Page on his role in the #Trump campaign: ""I was an informal, unpaid adviser..."" https://t.co/h69tYvFn4U… https://t.co/AJ5YAqHx0A",15,@FoxNews
0.0,Tue Feb 06 03:35:59 +0000 2018,0.0,1.0,0.0,".@DonaldJTrumpJr talked about the FISA memo with @TuckerCarlson Monday, saying, ""When you hear this stuff going on,… https://t.co/sryjrtjv6r",16,@FoxNews
0.0,Tue Feb 06 03:35:59 +0000 2018,0.0,1.0,0.0,"Carter Page on on his Russia connections: ""I've never met [Igor] Sechin in my life."" https://t.co/h69tYvFn4U… https://t.co/loaro6kuDW",17,@FoxNews
0.4522,Tue Feb 06 03:27:14 +0000 2018,0.0,0.876,0.124,"Carter Page on his role in #Trump campaign: ""It was really impossible to help out in any way because... the attacks… https://t.co/3bclJ8zRzA",18,@FoxNews
-0.5849,Tue Feb 06 03:21:39 +0000 2018,0.153,0.847,0.0,"Carter Page on GOP memo: ""There [were] a lot of details that kept dripping out and it sounded really bad, and when… https://t.co/JkGJfwNP9p",19,@FoxNews
0.0,Tue Feb 06 03:16:19 +0000 2018,0.0,1.0,0.0,"Carter Page's role in the #Trump campaign, @edhenry reports https://t.co/h69tYvFn4U https://t.co/wFRcvQPqDG",20,@FoxNews
0.6369,Tue Feb 06 03:09:46 +0000 2018,0.0,0.743,0.257,".@IngrahamAngle: ""@DevinNunes' work to ensure the integrity of both the #Clinton and the Mueller investigations sho… https://t.co/EBr2wNanX6",21,@FoxNews
-0.0772,Tue Feb 06 03:04:55 +0000 2018,0.169,0.712,0.12,".@DevinNunes: ""I think the conflict that you're describing, which no one on the left seems to care about or the mai… https://t.co/uhN1jrZ4cr",22,@FoxNews
0.0,Tue Feb 06 03:01:09 +0000 2018,0.0,1.0,0.0,".@realDonaldTrump tweeted how America is ""open for business"" after delivering remarks on tax reform and legislation… https://t.co/L0aCMho0Nu",23,@FoxNews
0.0,Tue Feb 06 02:57:41 +0000 2018,0.105,0.789,0.105,".@DevinNunes: ""We just have to continue to play the game with them, unfortunately, that they will continue to drop… https://t.co/zwGxBbqvJ8",24,@FoxNews
-0.2023,Tue Feb 06 02:47:41 +0000 2018,0.091,0.909,0.0,".@DevinNunes: ""I just go by the old rule: whatever they accuse you of doing, they're actually doing."" #Hannity https://t.co/F6U3wFsoOc",25,@FoxNews
0.6808,Tue Feb 06 02:45:09 +0000 2018,0.0,0.728,0.272,".@DevinNunes: ""It seems like the counter intelligence investigation should've been opened up against the Hillary ca… https://t.co/3RIi06DDKv",26,@FoxNews
-0.34,Tue Feb 06 02:42:51 +0000 2018,0.135,0.8,0.065,".@DevinNunes: ""I think the bigger problem, challenge here, is that the mainstream media is totally uninterested in… https://t.co/upI4G3KHL8",27,@FoxNews
0.0,Tue Feb 06 02:40:39 +0000 2018,0.0,1.0,0.0,".@DevinNunes: ""We're going to try to ask the court whether or not they will provide the transcripts of the 4 procee… https://t.co/siS3Ae7LSw",28,@FoxNews
0.0,Tue Feb 06 02:30:06 +0000 2018,0.0,1.0,0.0,TUNE IN: Carter Page joins “The @IngrahamAngle” to discuss the Nunes memo TONIGHT at 10p ET on Fox News Channel. https://t.co/i6D30x2Rr7,29,@FoxNews
0.0,Tue Feb 06 02:18:48 +0000 2018,0.0,1.0,0.0,VIDEO: Woman says she was burned by 'blowtorch' hair dryer https://t.co/ZIoUVKS9Gm,30,@FoxNews
0.5994,Tue Feb 06 02:07:29 +0000 2018,0.0,0.769,0.231,Here are the Philadelphia @Eagles who plan to skip @WhiteHouse Super Bowl visit https://t.co/anZtk81uTY,31,@FoxNews
0.0,Tue Feb 06 01:52:10 +0000 2018,0.0,1.0,0.0,Christopher Steele is no-show in London court in civil case over dossier https://t.co/BMc9z0JS7S,32,@FoxNews
0.3182,Tue Feb 06 01:44:39 +0000 2018,0.0,0.892,0.108,".@DonaldJTrumpJr: ""I think we have to open everything up, you know, listen to the Democratic memo - I'm sure that'l… https://t.co/R5QdhVMmeq",33,@FoxNews
-0.3862,Tue Feb 06 01:32:44 +0000 2018,0.127,0.873,0.0,".@DonaldJTrumpJr on FISA memo: ""Americans should be a little bit scared about what's going on right now. Where you… https://t.co/vbLvZn6lvS",34,@FoxNews
0.4767,Tue Feb 06 01:27:20 +0000 2018,0.0,0.819,0.181,".@MarkSteynOnline: ""There's a point at which there's a legitimate intelligence community and then there's a point a… https://t.co/NliaXVzSyH",35,@FoxNews
0.4767,Tue Feb 06 01:15:06 +0000 2018,0.0,0.846,0.154,".@TuckerCarlson: ""For the first time in generations Americans have reason to believe that our intelligence and law… https://t.co/bxPxFAuT1Q",36,@FoxNews
0.0,Tue Feb 06 01:04:00 +0000 2018,0.0,1.0,0.0,COMING UP: @DonaldJTrumpJr joins @TuckerCarlson tonight on Fox News Channel at 8p ET.  #Tucker,37,@FoxNews
-0.34,Tue Feb 06 00:58:19 +0000 2018,0.236,0.764,0.0,Uniformed officer asked to leave 'gun-free' @Outback Steakhouse because of service weapon https://t.co/D6O92Hvqv4,38,@FoxNews
-0.836,Tue Feb 06 00:49:38 +0000 2018,0.467,0.533,0.0,"Deputy killed, 2 officers hurt in Colorado Springs shooting, police say https://t.co/jfOqNAHrHZ",39,@FoxNews
0.0,Tue Feb 06 00:48:24 +0000 2018,0.0,1.0,0.0,"RT @FoxBusiness: .@AnthemInc on Monday said it would contribute retirement savings for more than 58,000 current and former employees, joini…",40,@FoxNews
0.0,Tue Feb 06 00:46:30 +0000 2018,0.0,1.0,0.0,College Students Oppose @BarackObama Remarks When Told They're From @realDonaldTrump https://t.co/LVe5BpMMsn,41,@FoxNews
-0.5719,Tue Feb 06 00:37:52 +0000 2018,0.188,0.812,0.0,".@GovMikeHuckabee: ""[It] makes Americans furious when they hear about sanctuary cities &amp; sanctuary states. We'd lik… https://t.co/ZXYTLOhz9w",42,@FoxNews
0.4588,Tue Feb 06 00:29:19 +0000 2018,0.0,0.773,0.227,".@GovMikeHuckabee on why some Americans want a wall: ""...We don't want people coming in &amp; giving us the American ni… https://t.co/dzNVvg4nG1",43,@FoxNews
0.0,Tue Feb 06 00:21:38 +0000 2018,0.0,1.0,0.0,"RT @MikeEmanuelFox: House GOPers meet to discuss government funding ahead of deadline -from #SpecialReport tonight:

https://t.co/j8SxJQTJha",44,@FoxNews
0.0,Tue Feb 06 00:19:36 +0000 2018,0.0,1.0,0.0,Doritos to make 'lady-friendly' chips that don't crunch for women https://t.co/IHMswJWn37,45,@FoxNews
0.0,Tue Feb 06 00:08:36 +0000 2018,0.0,1.0,0.0,".@guypbenson on tax reform: ""The proof is now in the pudding and in the form of paychecks.""  #SpecialReport https://t.co/02TewfCJDf",46,@FoxNews
-0.6808,Tue Feb 06 00:06:38 +0000 2018,0.359,0.641,0.0,OPINION: Parents furious as school cancels father-daughter dance over gender issues https://t.co/HZAiNZqWy6,47,@FoxNews
0.3818,Mon Feb 05 23:57:54 +0000 2018,0.0,0.874,0.126,".@MoElleithee on stock market plunge: ""Is this going to change the political dynamic heading into the midterm year,… https://t.co/J1FWwqa8bs",48,@FoxNews
0.0,Mon Feb 05 23:50:16 +0000 2018,0.0,1.0,0.0,".@KimStrassel: ""The economy has not materially changed from Friday until Monday, so there isn't necessarily an econ… https://t.co/LxHVJgYO91",49,@FoxNews
0.0,Mon Feb 05 23:38:32 +0000 2018,0.0,1.0,0.0,".@RepAdamSchiff: ""The vote was unanimous to release [the Dem's FISA memo]. I think the Republican members understoo… https://t.co/0MKHDqS5Tm",50,@FoxNews
0.0,Mon Feb 05 23:32:53 +0000 2018,0.0,1.0,0.0,".@RepAdamSchiff: ""Once again the committee will focus on what the Russians did to interfere in our election, what w… https://t.co/2g52JKPJXX",51,@FoxNews
-0.4215,Mon Feb 05 23:27:33 +0000 2018,0.135,0.865,0.0,".@RepAdamSchiff: ""As more and more individuals have either been indicted or plead guilty in connection with this in… https://t.co/RKfeB2TRmo",52,@FoxNews
0.7003,Mon Feb 05 23:23:57 +0000 2018,0.0,0.633,0.367,BREAKING: Intelligence Committee approves release of Dems’ rebuttal to FISA memo https://t.co/FqpR43qp2G,53,@FoxNews
-0.6486,Mon Feb 05 23:15:50 +0000 2018,0.301,0.699,0.0,"'Frasier' star John Mahoney star dead at 77, report says https://t.co/hE9g7holCF",54,@FoxNews
0.0,Mon Feb 05 23:11:13 +0000 2018,0.0,1.0,0.0,"TUNE IN: Carter Page joins “The @IngrahamAngle"" to discuss the Nunes memo TONIGHT at 10p ET on Fox News Channel. https://t.co/3KPnRzVhy0",55,@FoxNews
-0.0516,Mon Feb 05 23:02:20 +0000 2018,0.135,0.739,0.126,".@JesseBWatters: ""I think it's good when you use people &amp; their personal stories as a rallying cry for a policy...W… https://t.co/KwZZmehIk4",56,@FoxNews
0.0,Mon Feb 05 22:40:00 +0000 2018,0.0,1.0,0.0,.@mcuban on what he believes contributed to today's stock market decline https://t.co/2k5cXAPtEp,57,@FoxNews
0.2105,Mon Feb 05 22:32:24 +0000 2018,0.075,0.812,0.113,".@mcuban: ""When you have a run-up like we've had since the election, you know, markets don't go in a straight line… https://t.co/m0TRA8jdGW",58,@FoxNews
-0.8126,Mon Feb 05 22:16:37 +0000 2018,0.316,0.684,0.0,Uma Thurman posts crash footage from 'Kill Bill' she says Weinstein and others tried to cover up https://t.co/5bA5EUmc2Y,59,@FoxNews
-0.4019,Mon Feb 05 22:04:30 +0000 2018,0.197,0.803,0.0,.@HillaryClinton again blames 'misogyny and sexism' for 'what happened' in 2016 https://t.co/n0xN4FHmMW,60,@FoxNews
0.0,Mon Feb 05 21:50:07 +0000 2018,0.0,1.0,0.0,New unmanned 'Sea Hunter' ship could revolutionize US Navy operations https://t.co/7hbd5Bmb52,61,@FoxNews
0.0,Mon Feb 05 21:23:18 +0000 2018,0.0,1.0,0.0,".@TeamCavuto on Dow Jones plunge: ""You are looking live at something that in history, and in point terms, we have n… https://t.co/0rSLZcjoar",62,@FoxNews
0.0,Mon Feb 05 21:09:43 +0000 2018,0.0,1.0,0.0,"BREAKING NEWS: Historic plunge - Dow Jones down more than 1,100 at closing bell https://t.co/nTUsdolcK2",63,@FoxNews
0.5994,Mon Feb 05 20:56:22 +0000 2018,0.0,0.794,0.206,Here are the Philadelphia @Eagles who plan to skip the White House Super Bowl visit https://t.co/anZtk81uTY,64,@FoxNews
-0.2755,Mon Feb 05 20:47:32 +0000 2018,0.105,0.895,0.0,".@AshWebsterFBN:  ""For years, we haven't seen anything like this. It's been a slow, steady upward build. And all of… https://t.co/7acgcdgKMM",65,@FoxNews
-0.7269,Mon Feb 05 20:38:59 +0000 2018,0.357,0.643,0.0,Ex-FBI agent lands at CNN after blaming bureau departure on political attacks https://t.co/H23sjNwcKr,66,@FoxNews
0.0,Mon Feb 05 20:25:42 +0000 2018,0.0,1.0,0.0,"RT @FoxBusiness: Dow plunges more than 1,000 points, volatility spikes   https://t.co/kK9PkpMSrE",67,@FoxNews
-0.5719,Mon Feb 05 20:25:23 +0000 2018,0.346,0.654,0.0,"Dow, S&amp;P turn negative for the year https://t.co/caJJ3zlDGQ",68,@FoxNews
0.6249,Mon Feb 05 20:11:42 +0000 2018,0.0,0.823,0.177,".@POTUS: “We’re one team, one people, and one family and we’re saluting one, great American flag and everybody stoo… https://t.co/Ygs9738lEh",69,@FoxNews
0.6249,Mon Feb 05 20:09:40 +0000 2018,0.0,0.83,0.17,".@POTUS: “We’re all in this together. We’re one team, one people, and one family and we’re saluting one, great Amer… https://t.co/8stviyHLBs",70,@FoxNews
0.0,Mon Feb 05 20:05:23 +0000 2018,0.0,1.0,0.0,.@POTUS: “We’ve gone from being one of the highest taxed countries anywhere in the world to being one of the most c… https://t.co/YWawIgGliY,71,@FoxNews
0.4215,Mon Feb 05 19:54:46 +0000 2018,0.099,0.676,0.225,".@POTUS: “Hard-working, patriotic Americans like you are what make this country run and run like no other.” https://t.co/uyYLNRjQPD",72,@FoxNews
0.4767,Mon Feb 05 19:47:39 +0000 2018,0.0,0.866,0.134,.@POTUS on tax reform: “At the heart of our plan is tremendous relief for working families and for small businesses… https://t.co/Rm83WFrPKn,73,@FoxNews
0.0,Mon Feb 05 19:45:09 +0000 2018,0.0,1.0,0.0,".@POTUS: ""After years of wage stagnation...wages are now, for the first time in many years, rising."" https://t.co/ccDczRXgAB",74,@FoxNews
0.0,Mon Feb 05 19:41:25 +0000 2018,0.0,1.0,0.0,".@POTUS: “Your paychecks are going way up, your taxes are going way down…America is once again open for business.” https://t.co/XD46EVZWKC",75,@FoxNews
0.6369,Mon Feb 05 19:36:51 +0000 2018,0.0,0.625,0.375,".@POTUS: ""I love the state of Ohio."" https://t.co/TDSLate8fk",76,@FoxNews
0.0,Mon Feb 05 19:26:02 +0000 2018,0.0,1.0,0.0,College Students Oppose Obama Remarks When Told They're From Trump  https://t.co/lBONZLTynY,77,@FoxNews
0.0,Mon Feb 05 19:20:58 +0000 2018,0.0,1.0,0.0,Get all the need-to-know stories from Fox News in your inbox every morning. https://t.co/66lXfRo668,78,@FoxNews
0.5994,Mon Feb 05 19:16:44 +0000 2018,0.0,0.671,0.329,"Huge, deadly I-44 pile-up in Missouri seen in stunning drone footage https://t.co/S25ILKnyPU",79,@FoxNews
0.0,Mon Feb 05 18:55:37 +0000 2018,0.0,1.0,0.0,Paul Simon announces he is retiring from touring https://t.co/Yy3wkTzcsS,80,@FoxNews
-0.8519,Mon Feb 05 18:55:00 +0000 2018,0.437,0.563,0.0,"YouTube algorithm could be manipulated by 'bad actors,' used for 'fraudulent content,' senator warns… https://t.co/eo2IEynW06",81,@FoxNews
0.0,Mon Feb 05 18:39:52 +0000 2018,0.0,1.0,0.0,"Nunes sets sights on State Department next, says FISA memo only 'phase one' - via @brookefoxnews 
https://t.co/37gtABClkb",82,@FoxNews
0.0,Mon Feb 05 18:38:14 +0000 2018,0.0,1.0,0.0,.@POTUS and @FLOTUS arrive in Ohio ahead of tax speech https://t.co/u2XbVyCioL,83,@FoxNews
0.0,Mon Feb 05 18:25:29 +0000 2018,0.0,1.0,0.0,"California professor calls Trump 'white supremacist,' 'orange reality star' in class syllabus (via @calebparke) https://t.co/FaB31XEcnb",84,@FoxNews
0.5994,Mon Feb 05 18:14:51 +0000 2018,0.0,0.782,0.218,OPINION: Super Bowl MVP Nick Foles gives America a game plan for life (via @FoxNewsOpinion) https://t.co/mgUtISmB8I,85,@FoxNews
-0.8442,Mon Feb 05 17:49:39 +0000 2018,0.403,0.597,0.0,"Edwin Jackson, Indianapolis Colts linebacker, was killed by an illegal immigrant, police say https://t.co/vaTnC8cy3J",86,@FoxNews
-0.1531,Mon Feb 05 17:47:55 +0000 2018,0.151,0.849,0.0,Larry Nassar hit with 40-125 years in final sentencing https://t.co/S7B8MUSSGz,87,@FoxNews
0.0,Mon Feb 05 17:17:41 +0000 2018,0.0,1.0,0.0,Amtrak's deadliest crashes in recent years https://t.co/eiiMZd9fgB,88,@FoxNews
0.5859,Mon Feb 05 16:52:50 +0000 2018,0.0,0.769,0.231,Soldier Surprise: A #Missouri soldier gave his son a special birthday present when he returned home early and surpr… https://t.co/kY56eYRMP9,89,@FoxNews
0.0,Mon Feb 05 16:16:12 +0000 2018,0.0,1.0,0.0,"Clinton associates fed information to Trump dossier author Steele, memo says https://t.co/Q7Zy1ulNcl",90,@FoxNews
0.0,Mon Feb 05 16:14:02 +0000 2018,0.0,1.0,0.0,College Students Oppose Obama Remarks When Told They're From Trump https://t.co/lBONZLTynY,91,@FoxNews
0.0,Mon Feb 05 16:11:20 +0000 2018,0.0,1.0,0.0,TUNE IN: Carter Page joins “The @IngrahamAngle” to discuss the Nunes memo TONIGHT at 10p ET on Fox News Channel. https://t.co/1DXNefEeF0,92,@FoxNews
0.0,Mon Feb 05 16:04:15 +0000 2018,0.0,1.0,0.0,Natalee Holloway's mom sues NBC's Oxygen over claims series found her daughter's remains (via @SashaFB) https://t.co/XjLNbhwXQB,93,@FoxNews
-0.4019,Mon Feb 05 15:45:21 +0000 2018,0.162,0.838,0.0,OPINION: Democrat and ex-CIA: Democrats are hurting themselves in dismissing FBI memo (via @FoxNewsOpinion) https://t.co/mR7kYzB1jQ,94,@FoxNews
0.0,Mon Feb 05 15:41:47 +0000 2018,0.0,1.0,0.0,"Ex-Obama intel bosses snipe at Trump from sidelines amid concern over politicized agencies - via @AdamShawNY
https://t.co/ox3TDHGshg",95,@FoxNews
-0.0516,Mon Feb 05 15:41:21 +0000 2018,0.05,0.95,0.0,RT @MartaDhanis: You can now get 8 weeks of paid family leave in New York State at 50% of your salary ($650 cap/week). It's a groundbreakin…,96,@FoxNews
0.886,Mon Feb 05 15:39:57 +0000 2018,0.0,0.514,0.486,".@budlight to honor Super Bowl bet, provide free beer for Philly (via @FoxBusiness) https://t.co/AvAhzcTARh",97,@FoxNews
0.0,Mon Feb 05 15:31:58 +0000 2018,0.0,1.0,0.0,.@DevinNunes Blasts Adam Schiff: 'Almost 100 Leaks' by Democrats on House Intel Committee https://t.co/D9T77IKSM0,98,@FoxNews
0.7184,Mon Feb 05 15:31:09 +0000 2018,0.0,0.538,0.462,Companies giving bonuses due to tax reform https://t.co/TG5dVvbhzU https://t.co/oa6DYVZtHa,99,@FoxNews
0.0,Tue Feb 06 05:03:01 +0000 2018,0.0,1.0,0.0,Eli Manning and Odell Beckham Jr. learned the routine in 2 days https://t.co/71GQFUOJFo,0,@nytimes
0.0,Tue Feb 06 04:48:06 +0000 2018,0.0,1.0,0.0,There’s something unsettling about the first 30 seconds of the season 2 trailer of “Westworld” https://t.co/wXBD12G8B1,1,@nytimes
0.0,Tue Feb 06 04:33:06 +0000 2018,0.0,1.0,0.0,"4 takeaways from Monday’s stock market sell-off
https://t.co/kP8rD7PSkD",2,@nytimes
-0.4019,Tue Feb 06 04:18:02 +0000 2018,0.109,0.891,0.0,RT @nathanielpopper: The virtual currency boom last year papered over many of the problems in the nascent industry. The scale of those prob…,3,@nytimes
0.0772,Tue Feb 06 04:03:02 +0000 2018,0.0,0.942,0.058,“I don’t want to give birth to a kid wondering if it’s going to live in some kind of ‘Mad Max’ dystopia” https://t.co/hAW5md7NWR,4,@nytimes
-0.743,Tue Feb 06 03:48:02 +0000 2018,0.27,0.73,0.0,2 children in New York City and more than 50 children nationwide have died from flu-related illness this season https://t.co/lElxqgO0EO,5,@nytimes
0.0,Tue Feb 06 03:33:06 +0000 2018,0.0,1.0,0.0,12 shows we’ll be talking about in February https://t.co/3ZizNe3yIV,6,@nytimes
0.3612,Tue Feb 06 03:18:05 +0000 2018,0.0,0.884,0.116,RT @nytopinion: Rebekah Mercer's membership on the board of the American Museum of Natural History presents that institution with a signifi…,7,@nytimes
0.0258,Tue Feb 06 03:05:04 +0000 2018,0.0,0.939,0.061,Engineers were installing a new railway technology meant to prevent crashes on Sunday when an Amtrak train slammed… https://t.co/I8UqzkHLxZ,8,@nytimes
0.0,Tue Feb 06 02:48:07 +0000 2018,0.0,1.0,0.0,RT @NYTFashion: The future of fashion is nonbinary. https://t.co/UtOvpWykqd,9,@nytimes
0.2023,Tue Feb 06 02:33:05 +0000 2018,0.133,0.691,0.176,"Opinion: ""One day, we may all owe a debt of gratitude to Dexter the peacock"" https://t.co/Y8pUyNVYwp",10,@nytimes
0.0,Tue Feb 06 02:18:06 +0000 2018,0.0,1.0,0.0,"Before about 25 years ago, the species simply did not exist. A single drastic mutation in a single crayfish produce… https://t.co/wrOHGWzNOX",11,@nytimes
0.0,Tue Feb 06 02:03:06 +0000 2018,0.0,1.0,0.0,Evening Briefing: Here's what you need to know at the end of the day https://t.co/EYC2ktKcFc,12,@nytimes
0.296,Tue Feb 06 01:48:05 +0000 2018,0.078,0.778,0.144,"In the New York region, MTA construction costs ‘threaten to strangle’ growth, a new report warns https://t.co/z67S4TE3ld",13,@nytimes
0.751,Tue Feb 06 01:33:04 +0000 2018,0.0,0.726,0.274,RT @maggieNYT: Almost everyone but Ty Cobb wants Trump to steer clear of a Mueller interview. @nytmike and me  https://t.co/YcLesnm9rJ,14,@nytimes
0.0,Tue Feb 06 01:21:07 +0000 2018,0.0,1.0,0.0,RT @nytmike: Trump’s lawyers to Trump: Don’t meet with Mueller w/@maggieNYT https://t.co/b645d6DUwk,15,@nytimes
-0.2263,Tue Feb 06 01:10:41 +0000 2018,0.113,0.821,0.067,"Breaking News: President Trump's lawyers want him to refuse any interview request in the Russia investigation, whic… https://t.co/ANDlLFcy56",16,@nytimes
0.0,Tue Feb 06 01:03:03 +0000 2018,0.0,1.0,0.0,"Saudi Arabia plans to build a $300 million solar farm that would generate enough electricity to power 200,000 homes https://t.co/qmpjqwOlYD",17,@nytimes
0.0,Tue Feb 06 00:48:03 +0000 2018,0.0,1.0,0.0,"How do you turn Eli Manning and Odell Beckham Jr. into dancers? We talked with the choreographer of the NFL's ""Dirt… https://t.co/HJYn8bcol4",18,@nytimes
0.0,Tue Feb 06 00:33:04 +0000 2018,0.0,1.0,0.0,"Unilever brought its Rexona deodorant to China a decade ago, dreaming of a market with 2.6 billion armpits. That ha… https://t.co/yiHmtzGzPw",19,@nytimes
-0.4005,Tue Feb 06 00:18:02 +0000 2018,0.109,0.891,0.0,RT @DLeonhardt: The boom in animals on airplanes is a case study in mass dishonesty - and of decent people behaving more selfishly than the…,20,@nytimes
-0.6003,Tue Feb 06 00:03:02 +0000 2018,0.277,0.663,0.061,"Context matters. The stock market drop is less scary than it seems, @Neil_Irwin says https://t.co/pr1teDTIsS",21,@nytimes
0.0,Mon Feb 05 23:48:07 +0000 2018,0.0,1.0,0.0,Evening Briefing: Here's what you need to know at the end of the day https://t.co/AVw1T9meKI,22,@nytimes
-0.7096,Mon Feb 05 23:33:06 +0000 2018,0.258,0.742,0.0,President Trump accused Democrats who did not clap during his State of the Union address of being treasonous https://t.co/17XysWSBHN,23,@nytimes
0.0,Mon Feb 05 23:18:03 +0000 2018,0.0,1.0,0.0,Breaking News: A House committee voted to release the Democratic rebuttal to the Nunes memo. President Trump has 5… https://t.co/b4VWHBuqRn,24,@nytimes
0.4215,Mon Feb 05 23:00:45 +0000 2018,0.0,0.882,0.118,"Elliott Kline, also known as Eli Mosley, likes to speak of his military experience in Iraq. But the records tell a… https://t.co/3BimJzDnDN",25,@nytimes
-0.296,Mon Feb 05 22:47:04 +0000 2018,0.136,0.864,0.0,"The week’s most notable new songs and videos, as chosen by the @nytimesmusic critics https://t.co/WMkv6WcNWE",26,@nytimes
-0.2924,Mon Feb 05 22:33:03 +0000 2018,0.12,0.88,0.0,Plants don't get enough credit. A new study involving anesthetics raises questions about the nature of consciousnes… https://t.co/yo10VPIV3j,27,@nytimes
0.0,Mon Feb 05 22:16:04 +0000 2018,0.0,1.0,0.0,"Ahead of the Winter Olympics, we go in the gym with Lindsey Vonn — the most decorated World Cup ski racer in U.S. h… https://t.co/XKMNGyuIZs",28,@nytimes
-0.4404,Mon Feb 05 22:00:35 +0000 2018,0.42,0.58,0.0,For the tired vegetarian https://t.co/Qa2vWXepof,29,@nytimes
0.5574,Mon Feb 05 21:50:08 +0000 2018,0.0,0.854,0.146,"RT @UpshotNYT: With the Supreme Court ruling today, it's confirmed that Pennsylvania will have to redraw maps before the midterms. Here's h…",30,@nytimes
-0.6124,Mon Feb 05 21:40:03 +0000 2018,0.294,0.706,0.0,Politicians often tout crime declines without acknowledging the rise of new cyber crimes https://t.co/Ax3YURoVIq,31,@nytimes
0.0,Mon Feb 05 21:30:15 +0000 2018,0.0,1.0,0.0,RT @ConorDougherty: A CA state report showed that Beverly Hills is apparently a model city when it comes to building new affordable housing…,32,@nytimes
0.4019,Mon Feb 05 21:20:04 +0000 2018,0.0,0.863,0.137,"Screening for antisocial programmers. Secret sex parties. Here's how Silicon Valley came to be a land of ""bros."" https://t.co/vanm9qeIp9",33,@nytimes
0.5994,Mon Feb 05 21:10:02 +0000 2018,0.0,0.755,0.245,The Winter Olympics are coming. NBC emphasized this on Super Bowl Sunday. https://t.co/FQOouCcOWW,34,@nytimes
0.0,Mon Feb 05 21:00:15 +0000 2018,0.0,1.0,0.0,"“Animals are disappearing. The oceans are full of plastic. The human population is so numerous, the planet may not… https://t.co/eed0gkVwwx",35,@nytimes
0.0,Mon Feb 05 20:50:07 +0000 2018,0.0,1.0,0.0,"RT @nytgraphics: Augmented Reality:
Meet four Olympians, caught mid-action, and walk around them as if they were in your living room.
https…",36,@nytimes
-0.7717,Mon Feb 05 20:38:22 +0000 2018,0.251,0.749,0.0,"Breaking News: Stocks tanked again on the heels of their worst week in 2 years, losing about 4% at one point during… https://t.co/dk6wf4lBHm",37,@nytimes
-0.6369,Mon Feb 05 20:30:29 +0000 2018,0.239,0.682,0.08,RT @nytopinion: Imagine the day when political operatives can create fake video footage of their enemies. That day is here. https://t.co/kH…,38,@nytimes
-0.4588,Mon Feb 05 20:20:06 +0000 2018,0.13,0.87,0.0,"The New York Times asked a court to unseal records on the wiretapping of Carter Page, arguing that a GOP memo’s rel… https://t.co/YBIIBpBHYb",39,@nytimes
0.0,Mon Feb 05 20:10:09 +0000 2018,0.0,1.0,0.0,"Whatever the reason, Malcolm Butler’s benching backfired https://t.co/Km5j4SQnhI",40,@nytimes
0.0,Mon Feb 05 20:00:29 +0000 2018,0.0,1.0,0.0,"Elliott Kline, also known as Eli Mosley, was a self-described anonymous Twitter troll who felt his life was missing… https://t.co/FDTBWb6i9N",41,@nytimes
0.0516,Mon Feb 05 19:50:06 +0000 2018,0.191,0.652,0.157,The Supreme Court refused to stop Pennsylvania’s highest court from requiring lawmakers there to redraw the state’s… https://t.co/eoso6SHKOB,42,@nytimes
-0.128,Mon Feb 05 19:40:18 +0000 2018,0.059,0.941,0.0,RT @amyfiscus: The New York Times is asking for the Carter Page surveillance documents to be made public. We think that Trump lowered the s…,43,@nytimes
-0.7096,Mon Feb 05 19:30:03 +0000 2018,0.237,0.763,0.0,RT @nytopinion: The invasion of Iraq resulted in catastrophic losses and destabilized the entire Middle East. The Trump administration is l…,44,@nytimes
0.3182,Mon Feb 05 19:20:15 +0000 2018,0.0,0.852,0.148,"In its landmark settlement with Wells Fargo, the Fed sent a message to the bank’s board: You will be held accountab… https://t.co/o7LjjBvaLA",45,@nytimes
0.9325,Mon Feb 05 19:10:11 +0000 2018,0.0,0.562,0.438,"RT @joedrape: At 40, he was the best player in the Super Bowl. Good luck running him out of the N.F.L.  https://t.co/fXxGjakiCf",46,@nytimes
-0.7876,Mon Feb 05 19:00:10 +0000 2018,0.238,0.762,0.0,"A plan to redevelop the ramshackle neighborhood of Willets Point, near Citi Field, was all but dead. But Mayor Bill… https://t.co/kIipVjTvJc",47,@nytimes
0.0,Mon Feb 05 18:50:09 +0000 2018,0.0,1.0,0.0,There’s something unsettling about the first 30 seconds of the season 2 trailer of “Westworld” https://t.co/JlV4YG8IZH,48,@nytimes
-0.296,Mon Feb 05 18:40:12 +0000 2018,0.115,0.885,0.0,RT @NYTSports: ICYMI: The Eagle's secret weapon this season was a complex set of data and predictive tools: https://t.co/y9DZPTb73z,49,@nytimes
0.0,Mon Feb 05 18:32:10 +0000 2018,0.0,1.0,0.0,"Meet 4 Olympic athletes, and see them frozen mid-action in augmented reality — as if they were in your living room https://t.co/Ke8f0Uiv4S",50,@nytimes
0.0,Mon Feb 05 18:31:46 +0000 2018,0.0,1.0,0.0,"With augmented reality (AR), you can use your phone or tablet to making flat images 3-dimensional https://t.co/8uVV0qTNzZ",51,@nytimes
0.0,Mon Feb 05 18:30:47 +0000 2018,0.0,1.0,0.0,The American figure skater Nathan Chen’s quadruple jump takes less than a second — making him nothing but a blur to… https://t.co/AOcjKsJ4Dm,52,@nytimes
0.0,Mon Feb 05 18:20:12 +0000 2018,0.0,1.0,0.0,"RT @puiwingtam: ""I talked to women engineers at Uber who were getting invited to strip clubs and bondage clubs in the middle of the day. Th…",53,@nytimes
0.0,Mon Feb 05 18:10:04 +0000 2018,0.0,1.0,0.0,A man wielding a machete was shot on Monday while trying to enter the central Tehran offices of Iran’s president https://t.co/MRbJtWANP3,54,@nytimes
0.0,Mon Feb 05 18:00:12 +0000 2018,0.0,1.0,0.0,"RT @nytimesarts: “I’ve always known, from the age of 12, that I was being asked different questions by interviewers than men,” says Saoirse…",55,@nytimes
0.0258,Mon Feb 05 17:50:10 +0000 2018,0.146,0.703,0.151,A gallery wanted to provoke debate by removing a Victorian painting featuring naked nymphs. It succeeded. https://t.co/wtsyqXiyEu,56,@nytimes
-0.3612,Mon Feb 05 17:40:11 +0000 2018,0.238,0.762,0.0,“The Cloverfield Paradox” is a mess in multiple dimensions https://t.co/3UcKNy7kkr,57,@nytimes
-0.1027,Mon Feb 05 17:30:10 +0000 2018,0.062,0.938,0.0,Researchers say motherhood is one of the biggest causes of the gender pay gap. It might take fathers to change that. https://t.co/83Uh0VxlKP,58,@nytimes
0.101,Mon Feb 05 17:15:03 +0000 2018,0.118,0.746,0.136,"6 of the music industry’s most powerful women called the Recording Academy ""woefully out of touch with today’s musi… https://t.co/9R93PS1Rxz",59,@nytimes
0.6124,Mon Feb 05 17:10:12 +0000 2018,0.193,0.425,0.382,"The best and the worst of the Super Bowl movie trailers
https://t.co/WXPfCztdgB",60,@nytimes
-0.3818,Mon Feb 05 17:00:12 +0000 2018,0.161,0.785,0.054,The judge at Larry Nassar's final sentencing hearing said the number of victims who had come forward had risen to 2… https://t.co/gXyip0qxEW,61,@nytimes
0.0,Mon Feb 05 17:00:01 +0000 2018,0.0,1.0,0.0,"5. ""Imitation of Life"" (1934):  A product of its segregated moment, the movie’s power comes from the relationship b… https://t.co/t42KkkvxlB",62,@nytimes
0.0,Mon Feb 05 16:46:35 +0000 2018,0.0,1.0,0.0,"This is Elliott Kline, also known as Eli Mosley. He was an anonymous Twitter troll — now he’s speaking as an alt-ri… https://t.co/bdJxtZZsKW",63,@nytimes
0.0,Mon Feb 05 16:30:09 +0000 2018,0.0,1.0,0.0,"RT @MichaelPaulson: Broadway’s smallest theater Is reopening, now as a nonprofit. Here is a first glimpse with historic and contemporary ph…",64,@nytimes
0.0772,Mon Feb 05 16:20:07 +0000 2018,0.0,0.942,0.058,“I don’t want to give birth to a kid wondering if it’s going to live in some kind of ‘Mad Max’ dystopia” https://t.co/juYLCBqUI8,65,@nytimes
0.4404,Mon Feb 05 16:07:32 +0000 2018,0.0,0.879,0.121,"RT @amandahess: I wrote about the cyborg nature of online fame, where female bodies are mapped onto the social platforms they inhabit — con…",66,@nytimes
0.0,Mon Feb 05 15:44:06 +0000 2018,0.0,1.0,0.0,Opinion: Our hackable political future https://t.co/6DuFV39gCD,67,@nytimes
-0.5859,Mon Feb 05 15:30:15 +0000 2018,0.179,0.821,0.0,"RT @UpshotNYT: The pay gap is similar in the U.S. and Scandinavia, for the same reason. Children hurt mothers’ careers, and it's largely be…",68,@nytimes
0.3182,Mon Feb 05 15:16:03 +0000 2018,0.0,0.839,0.161,DC Comics is planning 2 new graphic novel imprints aimed at younger readers https://t.co/MLtBKk3SjL,69,@nytimes
0.0,Mon Feb 05 15:00:39 +0000 2018,0.0,1.0,0.0,Morning Briefing: Here's what you need to know to start your day https://t.co/9BoxXycPUd https://t.co/0YK3bjeNDR,70,@nytimes
-0.296,Mon Feb 05 14:55:05 +0000 2018,0.121,0.879,0.0,"In an early-morning tweet, President Trump accused Adam Schiff of illegally leaking confidential information from t… https://t.co/nlbfxJdzcv",71,@nytimes
0.1531,Mon Feb 05 14:45:10 +0000 2018,0.11,0.75,0.14,"No team idealized Philadelphia's view of itself as the Eagles did — the gritty, blue-collar, Rocky-esque underdog,… https://t.co/0ZvzNQn0KS",72,@nytimes
0.0,Mon Feb 05 14:30:20 +0000 2018,0.0,1.0,0.0,"Thousands of Greeks demonstrated against the inclusion of the word ""Macedonia"" in the name of a neighboring former… https://t.co/xb4blESa7d",73,@nytimes
0.296,Mon Feb 05 14:15:12 +0000 2018,0.0,0.645,0.355,The octopus: A stable genius https://t.co/2RsNdDvkdq,74,@nytimes
-0.3134,Mon Feb 05 14:00:16 +0000 2018,0.18,0.704,0.116,"Opinion: ""The closer Mueller gets to the full truth, the more Trump's panic will grow"" https://t.co/HznPyLgRsR",75,@nytimes
0.0,Mon Feb 05 13:44:03 +0000 2018,0.0,1.0,0.0,"Kathleen Hartnett White, a former Texas environmental regulator, has said that carbon dioxide should be considered… https://t.co/yM4l28961R",76,@nytimes
0.4019,Mon Feb 05 13:30:19 +0000 2018,0.0,0.876,0.124,"Cindy Crawford, Peter Dinklage, Morgan Freeman and Jeff Bezos were among the famous faces featured in ads during th… https://t.co/5iPcVYQd11",77,@nytimes
0.2023,Mon Feb 05 13:21:02 +0000 2018,0.133,0.691,0.176,"Opinion: ""One day, we may all owe a debt of gratitude to Dexter the peacock"" https://t.co/5ep5P6byup",78,@nytimes
0.0,Mon Feb 05 13:10:04 +0000 2018,0.0,1.0,0.0,Morning Briefing: Here's what you need to know to start your day https://t.co/8UOYkKbRgT https://t.co/9inPnhIJNa,79,@nytimes
0.4404,Mon Feb 05 13:02:13 +0000 2018,0.0,0.854,0.146,"By investigating an emerging leader in an extremist movement, we hope to offer Times viewers a deeper understanding… https://t.co/ZQLiy8ItpA",80,@nytimes
0.0,Mon Feb 05 13:00:25 +0000 2018,0.0,1.0,0.0,"Elliott Kline, also known as Eli Mosley, is a rising alt-right leader who depicts himself as an American patriot an… https://t.co/x0xffcUarJ",81,@nytimes
0.6908,Mon Feb 05 12:50:07 +0000 2018,0.0,0.769,0.231,Ram trucks used a sermon given by Martin Luther King as the voice-over for a Super Bowl ad. The blowback was swift. https://t.co/fIqjopGJwu,82,@nytimes
0.8225,Mon Feb 05 12:40:11 +0000 2018,0.0,0.591,0.409,"How the Eagles won their first Super Bowl title, drive by drive https://t.co/7azXtlq7Fs",83,@nytimes
0.4588,Mon Feb 05 12:30:13 +0000 2018,0.0,0.833,0.167,Paul Ryan faced a backlash after he tweeted about a $1.50 benefit from the new tax law https://t.co/2PUVfevBbc,84,@nytimes
0.3182,Mon Feb 05 12:15:11 +0000 2018,0.0,0.867,0.133,"Is the economy actually booming, and if so, to what extent is President Trump responsible? https://t.co/nHteizvDtZ",85,@nytimes
0.3818,Mon Feb 05 12:00:21 +0000 2018,0.0,0.698,0.302,Opinion: How Congress can protect Mueller https://t.co/jivzedd2Qc,86,@nytimes
0.0,Mon Feb 05 11:45:11 +0000 2018,0.0,1.0,0.0,"Some Eagles fans pulled down traffic lights, climbed onto the roofs of garbage trucks and bus shelters and pushed o… https://t.co/7xofOuIKYf",87,@nytimes
0.0,Mon Feb 05 11:30:04 +0000 2018,0.0,1.0,0.0,Morning Briefing: Here's what you need to know to start your day https://t.co/9BnSavqFm3 https://t.co/3P3aCFXg7B,88,@nytimes
-0.8834,Mon Feb 05 11:15:05 +0000 2018,0.377,0.623,0.0,"Turkey's military suffered its worst day yet in the two-week offensive in Afrin, Syria, when at least seven soldier… https://t.co/9OlHmHY9n9",89,@nytimes
-0.128,Mon Feb 05 11:00:16 +0000 2018,0.13,0.762,0.108,The Pentagon envisions bringing nuclear weapons back in play to counter a push by Russia to modernize its forces https://t.co/c5qhuTlymY,90,@nytimes
0.0,Mon Feb 05 10:45:07 +0000 2018,0.087,0.826,0.087,"These posters ""were created to be plastered on walls, torn down by weather or political opponents, so it is highly… https://t.co/3eEidvDayz",91,@nytimes
-0.34,Mon Feb 05 10:30:06 +0000 2018,0.124,0.876,0.0,"The most widely watched TV stations in Kenya are shuttered. Opposition politicians are under arrest, and journalist… https://t.co/7biUurBWyu",92,@nytimes
0.0,Mon Feb 05 10:15:05 +0000 2018,0.0,1.0,0.0,"""We have had several acts of vandalism where windows have been smashed, and some injuries have been reported around… https://t.co/9e8IvqmpAj",93,@nytimes
-0.4019,Mon Feb 05 10:00:15 +0000 2018,0.119,0.881,0.0,"""The only element that links the persons who were injured is the color of their skin,"" Italy's interior minister sa… https://t.co/InEosVoBAO",94,@nytimes
0.0,Mon Feb 05 09:45:04 +0000 2018,0.0,1.0,0.0,"RT @nytimesworld: Just months ago, Kenya was being held up as a model of democracy. But things have taken a very different turn. https://t.…",95,@nytimes
0.0,Mon Feb 05 09:30:15 +0000 2018,0.0,1.0,0.0,Opinion: Poland digs itself a memory hole https://t.co/wutzg6qe0T,96,@nytimes
0.0,Mon Feb 05 09:15:04 +0000 2018,0.0,1.0,0.0,"RT @nytimesworld: A ferry carrying performers from North Korea to the South will also house them, apparently to minimize mingling with thei…",97,@nytimes
0.0,Mon Feb 05 08:57:04 +0000 2018,0.0,1.0,0.0,"Eagles fans clambered atop bus shelters and garbage trucks, upended concrete planters and brought down light poles… https://t.co/avRlNEjvPK",98,@nytimes
0.5859,Mon Feb 05 08:42:06 +0000 2018,0.0,0.826,0.174,From @nytopinion: The grounding of Dexter the peacock at Newark airport last weekend is a much-needed win for sanit… https://t.co/7dGopagv6R,99,@nytimes
